id,first_name,last_name,email,gender,credit,debit
1,Rochester,Laxen,rlaxen0@opensource.org,Male,,$5.75
2,Arvin,Oglesbee,aoglesbee1@indiegogo.com,Male,$473.88,
3,Eugine,Tomsa,etomsa2@newyorker.com,Female,$442.72,
4,Charita,Geke,cgeke3@shutterfly.com,Female,$889.44,
5,Ivor,Reide,ireide4@smugmug.com,Male,$593.88,
6,Tammi,O'Lynn,tolynn5@ucoz.com,Female,,$0.99
7,Reginald,Lively,rlively6@indiatimes.com,Male,,$8.74
8,Dionisio,Dalston,ddalston7@multiply.com,Male,$141.41,
9,Augusta,MacAindreis,amacaindreis8@webs.com,Female,,$0.94
10,Violette,Tofts,vtofts9@360.cn,Female,,$6.79
11,Tristan,Corrin,tcorrina@amazon.co.jp,Male,,$6.01
12,Brig,Klimpt,bklimptb@slashdot.org,Male,,$2.14
13,Riordan,Walch,rwalchc@loc.gov,Male,,$8.68
14,Pearle,Merman,pmermand@dailymotion.com,Female,$151.92,
15,Pat,Rossborough,prossboroughe@dropbox.com,Male,,$4.58
16,Bertie,Tacey,btaceyf@multiply.com,Female,,$6.70
17,Lynnea,Riveles,lrivelesg@liveinternet.ru,Female,$437.70,
18,Carter,Asel,caselh@istockphoto.com,Male,$466.48,
19,Franky,Flanagan,fflanagani@nifty.com,Female,$835.34,
20,Addia,Demogeot,ademogeotj@4shared.com,Female,$304.78,
21,Ignacio,MacQueen,imacqueenk@virginia.edu,Male,,$3.25
22,Sibylla,Cuttell,scuttelll@soup.io,Female,,$4.08
23,Ulrick,Dickerson,udickersonm@mtv.com,Male,,$8.48
24,Clarabelle,Claessens,cclaessensn@usnews.com,Female,$288.23,
25,Alex,Fiske,afiskeo@dell.com,Male,,$9.41
26,Anne,North,anorthp@japanpost.jp,Female,,$1.07
27,Brennan,Smalley,bsmalleyq@devhub.com,Male,$416.44,
28,Cherie,Gledstane,cgledstaner@dailymail.co.uk,Female,$966.72,
29,Edouard,Jarred,ejarreds@issuu.com,Male,,$7.82
30,Walt,Phillp,wphillpt@flavors.me,Male,,$1.51
31,Carlo,Yanukhin,cyanukhinu@java.com,Male,$859.75,
32,Yard,Matusevich,ymatusevichv@ebay.com,Male,,$9.22
33,Marve,Bonsale,mbonsalew@census.gov,Male,,$5.45
34,Abbe,Chanders,achandersx@about.me,Female,,$1.94
35,Cris,Eakins,ceakinsy@symantec.com,Female,,$1.52
36,Hailee,Dukelow,hdukelowz@illinois.edu,Female,$812.68,
37,Lacie,Treuge,ltreuge10@biglobe.ne.jp,Female,,$0.46
38,Rand,O'Neal,roneal11@youtube.com,Male,$98.80,
39,Amie,Paeckmeyer,apaeckmeyer12@archive.org,Female,,$6.40
40,Alys,Robens,arobens13@mail.ru,Female,$938.73,
41,Robinet,Gauden,rgauden14@csmonitor.com,Male,$320.33,
42,Kermit,Flipsen,kflipsen15@princeton.edu,Male,,$4.42
43,Kristos,Rigts,krigts16@flavors.me,Male,,$3.31
44,Pete,Smalman,psmalman17@shareasale.com,Male,,$9.39
45,Verile,Skullet,vskullet18@wsj.com,Female,$943.67,
46,Hobie,Dirr,hdirr19@umn.edu,Male,,$2.22
47,Derick,Stables,dstables1a@nytimes.com,Male,$743.24,
48,Morgen,Lippo,mlippo1b@usatoday.com,Female,,$7.25
49,Kimberley,Edwicke,kedwicke1c@unc.edu,Female,,$7.97
50,Chip,McKerton,cmckerton1d@sbwire.com,Male,$927.29,
51,Guido,Ockleshaw,gockleshaw1e@japanpost.jp,Male,$79.48,
52,Ardra,Meeron,ameeron1f@printfriendly.com,Female,,$9.09
53,Crystie,Yedy,cyedy1g@google.es,Female,,$3.84
54,Loella,MacEnelly,lmacenelly1h@ehow.com,Female,,$8.50
55,Arny,Banasiak,abanasiak1i@irs.gov,Male,$612.88,
56,Jacky,Trevillion,jtrevillion1j@china.com.cn,Female,,$5.68
57,Helyn,Friary,hfriary1k@squidoo.com,Female,,$3.28
58,Taite,Izatt,tizatt1l@google.co.jp,Male,$114.74,
59,Lorrayne,Vedekhov,lvedekhov1m@wikispaces.com,Female,$198.25,
60,Bettye,Cokayne,bcokayne1n@behance.net,Female,$608.09,
61,Alys,Reijmers,areijmers1o@illinois.edu,Female,$701.60,
62,Perkin,Brahan,pbrahan1p@a8.net,Male,,$8.57
63,Anders,Perillo,aperillo1q@sogou.com,Male,$467.86,
64,Fitzgerald,Lill,flill1r@bloomberg.com,Male,,$6.09
65,Susan,Scutts,sscutts1s@smugmug.com,Female,$155.57,
66,Jamie,Isles,jisles1t@barnesandnoble.com,Male,$698.25,
67,Rosanna,Wormleighton,rwormleighton1u@washington.edu,Female,,$2.82
68,Corrina,Baroc,cbaroc1v@about.me,Female,,$4.55
69,Teriann,Cheine,tcheine1w@netscape.com,Female,$909.10,
70,Sharlene,Giacoppo,sgiacoppo1x@github.com,Female,,$3.55
71,Barrie,Heggs,bheggs1y@home.pl,Female,$179.42,
72,Devan,Matevushev,dmatevushev1z@arizona.edu,Female,,$7.68
73,Marguerite,Kamall,mkamall20@redcross.org,Female,$606.72,
74,Christa,Glasebrook,cglasebrook21@sun.com,Female,,$6.19
75,Trudie,Pimer,tpimer22@sbwire.com,Female,,$3.72
76,Claudio,Begley,cbegley23@ftc.gov,Male,$647.39,
77,Darby,Brenstuhl,dbrenstuhl24@youku.com,Female,$44.98,
78,Les,Lace,llace25@sina.com.cn,Male,,$6.84
79,Kylila,Gergus,kgergus26@hubpages.com,Female,$118.27,
80,Brittan,Elvin,belvin27@photobucket.com,Female,,$6.26
81,Lorant,Easlea,leaslea28@plala.or.jp,Male,,$3.79
82,Friederike,Hornig,fhornig29@theatlantic.com,Female,,$1.91
83,Wyndham,Mouser,wmouser2a@cbsnews.com,Male,$505.76,
84,Eddi,Grimm,egrimm2b@pagesperso-orange.fr,Female,$324.98,
85,Carlynne,Pawlaczyk,cpawlaczyk2c@home.pl,Female,,$8.01
86,Derril,Vany,dvany2d@businessweek.com,Male,,$2.38
87,Isabeau,Thurlby,ithurlby2e@eepurl.com,Female,$995.78,
88,Brien,Zylbermann,bzylbermann2f@sciencedirect.com,Male,,$1.68
89,Ambros,Reader,areader2g@cnet.com,Male,$427.52,
90,Tobe,Patrone,tpatrone2h@acquirethisname.com,Female,$131.32,
91,Mathilda,Kunath,mkunath2i@myspace.com,Female,$206.26,
92,Waldon,Hallows,whallows2j@gov.uk,Male,$16.80,
93,Frayda,Filipov,ffilipov2k@paginegialle.it,Female,$858.78,
94,Fields,Pembridge,fpembridge2l@theguardian.com,Male,,$9.43
95,Clarabelle,Snedker,csnedker2m@hostgator.com,Female,,$4.24
96,Giovanni,Loddy,gloddy2n@multiply.com,Male,$15.16,
97,Hedwig,Govey,hgovey2o@networksolutions.com,Female,$575.06,
98,Filippo,Smeath,fsmeath2p@europa.eu,Male,,$6.90
99,Elvis,Longrigg,elongrigg2q@geocities.jp,Male,$399.75,
100,Octavia,Kiggel,okiggel2r@un.org,Female,$463.99,
101,Polly,Ikin,pikin2s@msu.edu,Female,$977.98,
102,Geordie,Garvill,ggarvill2t@tripadvisor.com,Male,$56.47,
103,Selle,MacDonagh,smacdonagh2u@omniture.com,Female,$339.71,
104,Shurlocke,Genicke,sgenicke2v@imgur.com,Male,$985.60,
105,Kylynn,Collopy,kcollopy2w@toplist.cz,Female,$696.63,
106,Dorelle,Evamy,devamy2x@archive.org,Female,,$5.61
107,Caria,Deehan,cdeehan2y@fastcompany.com,Female,$675.38,
108,Auria,Blankenship,ablankenship2z@e-recht24.de,Female,$601.48,
109,Conant,Eagles,ceagles30@cnbc.com,Male,$706.28,
110,Jaquenette,Gouldeby,jgouldeby31@theguardian.com,Female,$61.00,
111,Hilly,Bagnal,hbagnal32@i2i.jp,Male,,$1.97
112,Taite,Rowlinson,trowlinson33@youtu.be,Male,$575.38,
113,Andy,Slides,aslides34@amazon.co.uk,Female,$545.61,
114,Bourke,Brundale,bbrundale35@squidoo.com,Male,$711.46,
115,Lizbeth,O'Garmen,logarmen36@hexun.com,Female,$703.59,
116,Cacilia,Vinas,cvinas37@gov.uk,Female,,$9.13
117,Alfredo,Scotchmor,ascotchmor38@devhub.com,Male,$902.62,
118,Noellyn,Plewes,nplewes39@irs.gov,Female,,$0.91
119,Abby,Guymer,aguymer3a@prweb.com,Female,,$9.18
120,Anastasia,Bracer,abracer3b@github.io,Female,,$2.62
121,Lucretia,Gobolos,lgobolos3c@about.me,Female,$850.41,
122,Marthe,Climson,mclimson3d@addthis.com,Female,$962.06,
123,Veda,Ciobotaro,vciobotaro3e@tripadvisor.com,Female,,$9.51
124,Stevy,Hartland,shartland3f@opera.com,Male,,$9.16
125,Halsy,Guyet,hguyet3g@1und1.de,Male,,$2.73
126,Dominga,Orrell,dorrell3h@alexa.com,Female,,$9.47
127,Gayel,Cowl,gcowl3i@biblegateway.com,Female,,$2.84
128,Alison,Turbern,aturbern3j@netvibes.com,Female,,$9.02
129,Elysee,MacFie,emacfie3k@noaa.gov,Female,,$7.22
130,Chrisse,Everil,ceveril3l@harvard.edu,Male,,$1.42
131,Kaiser,D'Acth,kdacth3m@mtv.com,Male,$368.57,
132,Elston,Polendine,epolendine3n@usatoday.com,Male,$907.02,
133,Marney,Skull,mskull3o@cisco.com,Female,$304.67,
134,Clayborn,Trelease,ctrelease3p@slideshare.net,Male,,$7.76
135,Nonie,Hallbird,nhallbird3q@time.com,Female,,$7.97
136,Willey,Sleep,wsleep3r@symantec.com,Male,$365.97,
137,Sonja,Lamblin,slamblin3s@vkontakte.ru,Female,$227.46,
138,Abbey,Ledford,aledford3t@pen.io,Female,,$7.20
139,Mathias,Duly,mduly3u@army.mil,Male,,$6.12
140,Eydie,Linnitt,elinnitt3v@hc360.com,Female,$720.71,
141,Gaspar,Bertomier,gbertomier3w@usnews.com,Male,,$9.19
142,Molly,Straughan,mstraughan3x@vimeo.com,Female,,$3.70
143,Towny,Wellstead,twellstead3y@gov.uk,Male,,$8.00
144,Deloria,Varnam,dvarnam3z@amazonaws.com,Female,,$9.06
145,Uriel,Plaschke,uplaschke40@hao123.com,Male,$676.65,
146,Ivett,Scourfield,iscourfield41@usda.gov,Female,$93.41,
147,Pansy,Strickler,pstrickler42@etsy.com,Female,$907.23,
148,Buiron,Betjes,bbetjes43@is.gd,Male,$38.51,
149,Peria,MacGorley,pmacgorley44@miitbeian.gov.cn,Female,,$1.78
150,Deva,Hamal,dhamal45@sphinn.com,Female,$484.61,
151,Consolata,Dulany,cdulany46@photobucket.com,Female,,$1.08
152,Randy,Greenly,rgreenly47@smugmug.com,Female,$635.74,
153,Banky,Shevlin,bshevlin48@cocolog-nifty.com,Male,,$7.43
154,Duff,Riccardo,driccardo49@desdev.cn,Male,$385.74,
155,Hershel,Rehn,hrehn4a@prlog.org,Male,$387.57,
156,Gibb,Lawson,glawson4b@about.me,Male,,$5.78
157,Horatia,Galpin,hgalpin4c@ftc.gov,Female,$137.10,
158,Malchy,Hamstead,mhamstead4d@163.com,Male,$869.37,
159,Batsheva,Lattin,blattin4e@51.la,Female,$799.71,
160,Aubrette,Sumpter,asumpter4f@cbslocal.com,Female,,$1.76
161,Bowie,Pasticznyk,bpasticznyk4g@craigslist.org,Male,,$8.84
162,Bowie,Harmeston,bharmeston4h@netlog.com,Male,$662.13,
163,Paquito,Rutgers,prutgers4i@hc360.com,Male,,$0.00
164,Chariot,Laidel,claidel4j@g.co,Male,$464.87,
165,Washington,Blaschke,wblaschke4k@homestead.com,Male,$367.29,
166,Jodi,Skirvin,jskirvin4l@newsvine.com,Male,$857.57,
167,Germayne,Kolakowski,gkolakowski4m@meetup.com,Male,,$8.79
168,Darn,Marmion,dmarmion4n@woothemes.com,Male,$814.30,
169,Alfie,Joskowicz,ajoskowicz4o@home.pl,Male,$734.07,
170,Nollie,Andreotti,nandreotti4p@ehow.com,Male,$763.43,
171,Eleni,Hurlin,ehurlin4q@time.com,Female,$126.47,
172,Carrol,Hallahan,challahan4r@ebay.co.uk,Male,$202.86,
173,Kin,Scripture,kscripture4s@trellian.com,Male,$253.67,
174,Jody,De Freyne,jdefreyne4t@blogtalkradio.com,Male,,$3.31
175,Mufinella,Gorwood,mgorwood4u@unesco.org,Female,$843.56,
176,Thayne,Cornehl,tcornehl4v@fotki.com,Male,,$9.30
177,Bell,Hanalan,bhanalan4w@studiopress.com,Female,,$5.69
178,Suzanne,Petts,spetts4x@accuweather.com,Female,$458.03,
179,Quintin,Oran,qoran4y@time.com,Male,,$0.16
180,Elisa,Wellstood,ewellstood4z@yale.edu,Female,,$3.14
181,Oralle,Meneghi,omeneghi50@mlb.com,Female,,$3.20
182,Lyndell,Oag,loag51@domainmarket.com,Female,,$7.43
183,Irv,Acutt,iacutt52@sciencedaily.com,Male,,$3.80
184,Vina,Fearnehough,vfearnehough53@hibu.com,Female,,$9.40
185,Dorey,Mahmood,dmahmood54@noaa.gov,Male,$442.11,
186,Damaris,Mulbery,dmulbery55@opera.com,Female,$578.28,
187,Bram,Stainland,bstainland56@virginia.edu,Male,$421.96,
188,Miller,Skepper,mskepper57@nih.gov,Male,,$9.28
189,Joy,Jiras,jjiras58@columbia.edu,Female,$671.61,
190,Lemar,Vasyunkin,lvasyunkin59@kickstarter.com,Male,$276.53,
191,Pincus,Blaske,pblaske5a@github.com,Male,,$0.80
192,Boycey,Vanderplas,bvanderplas5b@comsenz.com,Male,$269.00,
193,Jacky,Vowles,jvowles5c@51.la,Female,$795.66,
194,Ada,Houlson,ahoulson5d@alibaba.com,Female,,$5.25
195,Cari,Berns,cberns5e@businessinsider.com,Female,$986.04,
196,Broderic,Abbotson,babbotson5f@cargocollective.com,Male,,$0.54
197,Toddy,Scogings,tscogings5g@usa.gov,Male,,$3.41
198,Robinson,Preskett,rpreskett5h@blogger.com,Male,,$0.08
199,Sandor,Paul,spaul5i@networkadvertising.org,Male,$479.38,
200,Abelard,Hoofe,ahoofe5j@bluehost.com,Male,,$2.66
201,Halley,Ellinor,hellinor5k@plala.or.jp,Female,,$0.22
202,Danika,MacAndie,dmacandie5l@wp.com,Female,$80.28,
203,Ashil,Bowskill,abowskill5m@phoca.cz,Female,$172.81,
204,Wylma,Spileman,wspileman5n@ebay.co.uk,Female,,$4.40
205,Marthe,Matthis,mmatthis5o@jalbum.net,Female,$96.98,
206,Vladamir,Dorrity,vdorrity5p@example.com,Male,,$0.24
207,Chilton,Bernardon,cbernardon5q@accuweather.com,Male,,$1.59
208,Lolita,Squibbs,lsquibbs5r@vk.com,Female,$816.71,
209,Sanson,Pindar,spindar5s@yahoo.co.jp,Male,,$6.02
210,Bethena,Shakesby,bshakesby5t@google.ca,Female,$172.86,
211,Alleen,Halesworth,ahalesworth5u@chronoengine.com,Female,,$1.63
212,Boone,Ranson,branson5v@arstechnica.com,Male,$456.17,
213,Janey,Have,jhave5w@hc360.com,Female,,$7.55
214,Carver,Stutely,cstutely5x@usda.gov,Male,$190.89,
215,Augie,Server,aserver5y@ft.com,Male,,$9.44
216,Lesli,Deverale,ldeverale5z@soundcloud.com,Female,,$3.48
217,Shellysheldon,O'Tuohy,sotuohy60@boston.com,Male,,$4.58
218,Barrie,Rubinow,brubinow61@jiathis.com,Female,,$8.15
219,Eward,Edney,eedney62@altervista.org,Male,$982.41,
220,Winny,Flament,wflament63@gov.uk,Female,,$9.57
221,William,McGinn,wmcginn64@miibeian.gov.cn,Male,$402.09,
222,Cherilynn,Hadlee,chadlee65@kickstarter.com,Female,,$3.40
223,Wesley,Pearson,wpearson66@pbs.org,Male,$177.20,
224,Clem,Croisdall,ccroisdall67@360.cn,Male,$284.16,
225,Letty,Jonin,ljonin68@shutterfly.com,Female,$728.95,
226,Joya,Soonhouse,jsoonhouse69@yahoo.com,Female,,$10.00
227,Johanna,Cottrell,jcottrell6a@aboutads.info,Female,$318.83,
228,Alys,Stener,astener6b@vimeo.com,Female,,$9.21
229,Carmon,Cominoli,ccominoli6c@cyberchimps.com,Female,,$8.94
230,Inger,Aimson,iaimson6d@mail.ru,Female,$353.25,
231,Debby,Tart,dtart6e@myspace.com,Female,,$6.80
232,Carlee,Spenton,cspenton6f@t.co,Female,$689.57,
233,Reina,Morit,rmorit6g@sun.com,Female,$368.54,
234,Janifer,Channer,jchanner6h@census.gov,Female,,$6.97
235,Bonita,Wannan,bwannan6i@mediafire.com,Female,$207.94,
236,Otho,Dimmock,odimmock6j@elpais.com,Male,$201.26,
237,Halley,Gofford,hgofford6k@seesaa.net,Female,,$7.98
238,Edsel,Lente,elente6l@engadget.com,Male,,$8.75
239,Vallie,McGhie,vmcghie6m@weibo.com,Female,,$6.59
240,Dorolice,Moulton,dmoulton6n@hc360.com,Female,$621.32,
241,Trula,Brise,tbrise6o@marriott.com,Female,$223.66,
242,Dominick,Cowland,dcowland6p@deviantart.com,Male,,$5.44
243,Clarinda,Desantis,cdesantis6q@un.org,Female,$133.78,
244,Nickola,Colbertson,ncolbertson6r@chicagotribune.com,Male,$849.66,
245,Vinita,Loxton,vloxton6s@tamu.edu,Female,$857.31,
246,King,Van den Broek,kvandenbroek6t@infoseek.co.jp,Male,,$3.62
247,Reggie,Colvie,rcolvie6u@github.com,Male,,$5.76
248,Glenda,Rentilll,grentilll6v@ebay.co.uk,Female,,$0.94
249,Kerk,Say,ksay6w@ycombinator.com,Male,,$1.00
250,Munmro,Huckel,mhuckel6x@ehow.com,Male,,$2.90
251,Callida,Pearmine,cpearmine6y@google.pl,Female,,$9.65
252,Yancey,Kingsworth,ykingsworth6z@godaddy.com,Male,,$6.24
253,Johannes,Ireson,jireson70@ucoz.ru,Male,$413.02,
254,Harper,Shakle,hshakle71@google.ru,Male,$589.46,
255,Terra,Whitcomb,twhitcomb72@hc360.com,Female,,$1.67
256,Monica,Habbeshaw,mhabbeshaw73@macromedia.com,Female,,$8.48
257,Leonelle,Toye,ltoye74@dell.com,Female,$837.78,
258,Birch,Yanele,byanele75@example.com,Male,$569.97,
259,Alwin,Gabrieli,agabrieli76@loc.gov,Male,$203.17,
260,Jarrid,Jermy,jjermy77@mit.edu,Male,,$7.65
261,Nilson,Adair,nadair78@si.edu,Male,,$4.20
262,Morissa,Barstock,mbarstock79@uiuc.edu,Female,$626.81,
263,Gus,Bront,gbront7a@multiply.com,Male,$950.31,
264,Lanie,Coey,lcoey7b@goo.ne.jp,Female,$613.90,
265,Estrellita,Sparshett,esparshett7c@reference.com,Female,$195.61,
266,Bradan,Claworth,bclaworth7d@seattletimes.com,Male,$426.23,
267,Otes,Cummungs,ocummungs7e@wufoo.com,Male,,$6.02
268,Jameson,Justun,jjustun7f@webs.com,Male,,$7.92
269,Goddard,Joutapaitis,gjoutapaitis7g@linkedin.com,Male,$850.07,
270,Kit,Balasini,kbalasini7h@miitbeian.gov.cn,Female,$999.91,
271,Kay,Schumacher,kschumacher7i@oakley.com,Female,,$6.20
272,Farlay,Barkworth,fbarkworth7j@dailymail.co.uk,Male,$577.01,
273,Gipsy,Dudeney,gdudeney7k@nhs.uk,Female,$706.11,
274,Euell,Vakhrushin,evakhrushin7l@nytimes.com,Male,,$4.82
275,Fredia,Filipychev,ffilipychev7m@hatena.ne.jp,Female,,$8.95
276,Wilie,Limbourne,wlimbourne7n@about.me,Female,$670.13,
277,Nessy,Sancho,nsancho7o@myspace.com,Female,$849.58,
278,Lissy,Summerlee,lsummerlee7p@irs.gov,Female,$913.99,
279,Grissel,Kellert,gkellert7q@dagondesign.com,Female,$665.44,
280,Malissa,Dunklee,mdunklee7r@lulu.com,Female,,$3.38
281,Konrad,Ryal,kryal7s@vk.com,Male,$388.48,
282,Sherwood,Tillot,stillot7t@sitemeter.com,Male,$171.93,
283,Lanna,Levitt,llevitt7u@theatlantic.com,Female,,$6.59
284,Shea,Glasscott,sglasscott7v@apple.com,Female,$434.01,
285,Lauryn,Nardoni,lnardoni7w@umich.edu,Female,,$9.76
286,Alexandrina,Ryves,aryves7x@noaa.gov,Female,,$0.25
287,Jodee,McGrath,jmcgrath7y@earthlink.net,Female,$352.44,
288,Corry,De Bell,cdebell7z@businesswire.com,Female,$262.34,
289,Richardo,Baxendale,rbaxendale80@tumblr.com,Male,,$4.78
290,Lay,Fronsek,lfronsek81@acquirethisname.com,Male,$193.70,
291,Abey,Cannaway,acannaway82@yahoo.com,Male,,$9.17
292,Charles,Cottie,ccottie83@blinklist.com,Male,$871.41,
293,Toiboid,Goodman,tgoodman84@auda.org.au,Male,$709.44,
294,Johanna,Acreman,jacreman85@slideshare.net,Female,,$0.72
295,Dominique,Epine,depine86@over-blog.com,Male,,$2.35
296,Korney,Burdis,kburdis87@liveinternet.ru,Female,$588.94,
297,Quincey,Hughland,qhughland88@irs.gov,Male,,$0.06
298,Jaymee,Ellingworth,jellingworth89@e-recht24.de,Female,,$2.20
299,Dorine,Priddey,dpriddey8a@businessinsider.com,Female,,$4.55
300,Dorelle,Krojn,dkrojn8b@blinklist.com,Female,$676.12,
301,Gerhardine,Chidlow,gchidlow8c@squarespace.com,Female,$973.44,
302,Auberta,Dominichelli,adominichelli8d@howstuffworks.com,Female,,$0.85
303,Edith,Docwra,edocwra8e@wp.com,Female,,$5.39
304,Phip,Davidovicz,pdavidovicz8f@umich.edu,Male,$783.04,
305,Milt,Essam,messam8g@comsenz.com,Male,,$4.16
306,Tracey,Eady,teady8h@e-recht24.de,Female,$704.42,
307,Riannon,Gherardi,rgherardi8i@wikimedia.org,Female,$169.06,
308,Krissy,O'Driscole,kodriscole8j@harvard.edu,Female,$45.10,
309,Binny,Dionis,bdionis8k@uiuc.edu,Female,,$2.61
310,Kincaid,Bench,kbench8l@tamu.edu,Male,$292.83,
311,Heall,Haslock(e),hhaslocke8m@geocities.jp,Male,,$8.76
312,Kristo,Nani,knani8n@about.me,Male,,$5.59
313,Lyndsie,Mathe,lmathe8o@360.cn,Female,,$6.16
314,Winonah,Joanic,wjoanic8p@tripadvisor.com,Female,$205.27,
315,Halsy,Polsin,hpolsin8q@loc.gov,Male,$802.23,
316,Maurise,Medmore,mmedmore8r@netvibes.com,Female,$410.13,
317,Shane,Baldocci,sbaldocci8s@topsy.com,Male,,$6.13
318,Siana,Lathom,slathom8t@huffingtonpost.com,Female,,$0.27
319,Brandise,Kettlestringe,bkettlestringe8u@narod.ru,Female,$813.89,
320,Brooks,Delacour,bdelacour8v@cdc.gov,Male,,$3.90
321,Sibby,Lent,slent8w@ox.ac.uk,Female,$81.45,
322,Brinna,Bruggen,bbruggen8x@yelp.com,Female,,$8.69
323,Amy,Cusiter,acusiter8y@seattletimes.com,Female,$302.82,
324,Noah,Duffett,nduffett8z@arizona.edu,Male,$455.96,
325,Olvan,Crosetti,ocrosetti90@jiathis.com,Male,$100.59,
326,Mohammed,Rallin,mrallin91@sun.com,Male,,$6.22
327,Beatrisa,Hammonds,bhammonds92@spotify.com,Female,$987.55,
328,Roxy,Sayer,rsayer93@cargocollective.com,Female,,$8.03
329,Elbertine,Chazelas,echazelas94@ehow.com,Female,,$9.25
330,Corinne,Burton,cburton95@blogs.com,Female,,$3.38
331,Tuckie,Villa,tvilla96@imgur.com,Male,$746.20,
332,Ardith,Gibberd,agibberd97@unesco.org,Female,$257.76,
333,Kelsey,Pepperell,kpepperell98@techcrunch.com,Female,$666.31,
334,Ella,Pawlett,epawlett99@utexas.edu,Female,,$2.72
335,Hayden,Inde,hinde9a@cyberchimps.com,Male,,$4.54
336,Cindie,Aubrey,caubrey9b@ovh.net,Female,,$3.00
337,Jenica,Scowcraft,jscowcraft9c@multiply.com,Female,,$7.01
338,Panchito,Hardesty,phardesty9d@sphinn.com,Male,$80.54,
339,Reinwald,Iwanczyk,riwanczyk9e@goo.ne.jp,Male,,$5.99
340,Trixie,Rodear,trodear9f@usnews.com,Female,$907.56,
341,Bruce,Dixson,bdixson9g@icio.us,Male,,$7.06
342,Tremain,Salatino,tsalatino9h@godaddy.com,Male,$65.88,
343,Carma,Sansbury,csansbury9i@rambler.ru,Female,$256.23,
344,Kaylyn,Waszczyk,kwaszczyk9j@51.la,Female,$820.31,
345,Stearn,Brummitt,sbrummitt9k@google.nl,Male,,$3.30
346,Myrvyn,Netherwood,mnetherwood9l@qq.com,Male,,$9.95
347,Salaidh,Sherwyn,ssherwyn9m@cnn.com,Female,$147.51,
348,Nadeen,Garretson,ngarretson9n@ebay.com,Female,$744.61,
349,Larisa,Beadman,lbeadman9o@fotki.com,Female,,$3.55
350,Leon,Jessett,ljessett9p@wikipedia.org,Male,,$4.84
351,Cobbie,Cantrill,ccantrill9q@ibm.com,Male,$111.81,
352,Pinchas,Aharoni,paharoni9r@rambler.ru,Male,$892.23,
353,Ashla,Vivyan,avivyan9s@liveinternet.ru,Female,$133.93,
354,Erina,Zahor,ezahor9t@usnews.com,Female,,$2.18
355,Penrod,Gullberg,pgullberg9u@sbwire.com,Male,$232.13,
356,Ethelda,Slowey,eslowey9v@buzzfeed.com,Female,$484.76,
357,Giustina,Carslake,gcarslake9w@slashdot.org,Female,,$9.11
358,Wendi,Rawsthorn,wrawsthorn9x@pcworld.com,Female,,$1.80
359,Donella,Quixley,dquixley9y@goo.ne.jp,Female,,$4.20
360,Padriac,Stephens,pstephens9z@e-recht24.de,Male,,$5.31
361,Daisi,Paulich,dpaulicha0@typepad.com,Female,,$1.47
362,Joby,Balsdone,jbalsdonea1@youtube.com,Female,$627.68,
363,Alyss,Rizzardini,arizzardinia2@blogger.com,Female,$568.13,
364,Hillary,Gavigan,hgavigana3@berkeley.edu,Male,,$8.37
365,Tommi,Undy,tundya4@uol.com.br,Female,$456.87,
366,Godfry,Scedall,gscedalla5@dailymail.co.uk,Male,,$1.49
367,Sher,Wessing,swessinga6@mapquest.com,Female,,$7.33
368,Joanna,Kaser,jkasera7@ca.gov,Female,$467.31,
369,Eirena,Lorman,elormana8@who.int,Female,,$1.33
370,Karoly,Stean,ksteana9@fda.gov,Male,$533.62,
371,Connor,Cortese,ccorteseaa@jigsy.com,Male,$357.09,
372,Lew,Bessent,lbessentab@bigcartel.com,Male,$528.79,
373,Ivonne,Petheridge,ipetheridgeac@gnu.org,Female,,$5.89
374,Ragnar,Brunnstein,rbrunnsteinad@eepurl.com,Male,,$1.23
375,Timothy,Kleinstub,tkleinstubae@naver.com,Male,,$7.99
376,Lin,Edmund,ledmundaf@examiner.com,Male,,$7.64
377,Toni,Philp,tphilpag@si.edu,Female,$79.47,
378,Isador,Mirfin,imirfinah@apple.com,Male,,$9.06
379,Collen,Mattersey,cmatterseyai@usgs.gov,Female,,$5.69
380,Dillie,Aggiss,daggissaj@squarespace.com,Male,$583.16,
381,Fleurette,Beckett,fbeckettak@sina.com.cn,Female,$437.21,
382,Tadeas,Broggelli,tbroggellial@yahoo.com,Male,$919.99,
383,Hortense,D'Costa,hdcostaam@bbb.org,Female,$361.87,
384,Bertrando,Bustin,bbustinan@homestead.com,Male,$100.62,
385,Angus,Castiglioni,acastiglioniao@behance.net,Male,$670.46,
386,Byran,Volcker,bvolckerap@hostgator.com,Male,$370.37,
387,Evvy,Vasler,evasleraq@discuz.net,Female,$453.58,
388,Noach,Pley,npleyar@tiny.cc,Male,,$6.28
389,Aurore,Zannelli,azannellias@theglobeandmail.com,Female,,$5.54
390,Larissa,Brunn,lbrunnat@businessweek.com,Female,,$8.04
391,Shamus,Sperwell,ssperwellau@lycos.com,Male,$686.03,
392,Bart,Dendle,bdendleav@pcworld.com,Male,$27.48,
393,Antonie,Woolaston,awoolastonaw@weather.com,Female,$684.02,
394,Kinny,Newrick,knewrickax@multiply.com,Male,$219.00,
395,Gwennie,Chapellow,gchapelloway@wikipedia.org,Female,,$2.35
396,Nahum,Herculeson,nherculesonaz@newyorker.com,Male,,$6.51
397,Alana,Sausman,asausmanb0@shareasale.com,Female,,$9.81
398,Darbee,Flowerden,dflowerdenb1@gmpg.org,Male,$133.78,
399,Baudoin,Duddin,bduddinb2@hexun.com,Male,$3.63,
400,Annetta,Mose,amoseb3@etsy.com,Female,$442.65,
401,Dinny,Pottery,dpotteryb4@etsy.com,Female,$623.94,
402,Mari,Rehm,mrehmb5@imageshack.us,Female,$580.83,
403,Keri,Brewer,kbrewerb6@meetup.com,Female,$991.30,
404,Tamarah,Challender,tchallenderb7@smh.com.au,Female,,$4.61
405,Tabbie,Golley,tgolleyb8@bbb.org,Male,$180.52,
406,Toddy,Hardan,thardanb9@virginia.edu,Male,$697.24,
407,Kermie,Goldston,kgoldstonba@tripod.com,Male,,$4.06
408,Godfrey,Mithan,gmithanbb@tumblr.com,Male,,$9.83
409,Hamnet,Anderl,handerlbc@irs.gov,Male,$95.23,
410,Lara,Rowlings,lrowlingsbd@shinystat.com,Female,,$9.96
411,Nils,Gilpin,ngilpinbe@purevolume.com,Male,,$3.65
412,Meyer,Walford,mwalfordbf@loc.gov,Male,,$0.68
413,Lora,Cocking,lcockingbg@cisco.com,Female,$368.21,
414,Romain,Wathell,rwathellbh@fotki.com,Male,,$4.31
415,Vicki,Faichney,vfaichneybi@tinyurl.com,Female,$84.25,
416,Sherline,Fullstone,sfullstonebj@eventbrite.com,Female,,$4.79
417,Alf,Revington,arevingtonbk@gmpg.org,Male,$548.59,
418,Kristoffer,Culcheth,kculchethbl@umn.edu,Male,$392.46,
419,Duane,Hischke,dhischkebm@shinystat.com,Male,,$0.14
420,Celisse,Di Francesco,cdifrancescobn@unicef.org,Female,,$8.60
421,Zed,Cockerell,zcockerellbo@printfriendly.com,Male,$276.36,
422,Dian,Kleinmann,dkleinmannbp@discuz.net,Female,$336.59,
423,Fiona,Benbow,fbenbowbq@xing.com,Female,$667.02,
424,Cori,Paton,cpatonbr@oracle.com,Female,,$8.12
425,Rikki,Polini,rpolinibs@usda.gov,Female,,$9.70
426,Domenic,Pryce,dprycebt@dyndns.org,Male,,$2.51
427,Perkin,Gallienne,pgalliennebu@wikimedia.org,Male,,$5.87
428,Janina,Borge,jborgebv@prlog.org,Female,,$4.14
429,Bondon,Ruddy,bruddybw@npr.org,Male,,$5.65
430,Eleonore,Imesson,eimessonbx@oakley.com,Female,$54.33,
431,Madelon,Mander,mmanderby@xinhuanet.com,Female,$154.92,
432,Lilly,Eadmeads,leadmeadsbz@amazon.de,Female,,$1.06
433,Brandi,Grzelak,bgrzelakc0@nifty.com,Female,$405.04,
434,Granville,Vennard,gvennardc1@oracle.com,Male,$790.74,
435,Abbey,Compford,acompfordc2@vimeo.com,Female,,$9.38
436,Jackquelin,Duchesne,jduchesnec3@loc.gov,Female,,$4.24
437,Clio,Hallford,challfordc4@sciencedaily.com,Female,$694.91,
438,Mae,Di Francesco,mdifrancescoc5@godaddy.com,Female,,$2.65
439,Mavis,Leyton,mleytonc6@apache.org,Female,$621.91,
440,Evonne,Hentze,ehentzec7@harvard.edu,Female,$934.46,
441,Shel,Imlach,simlachc8@hao123.com,Female,$749.07,
442,Kristo,Luffman,kluffmanc9@tripadvisor.com,Male,,$5.73
443,Peadar,Vidineev,pvidineevca@bigcartel.com,Male,$686.30,
444,Cindra,Ten Broek,ctenbroekcb@blogtalkradio.com,Female,$434.69,
445,Pepita,Conibeer,pconibeercc@yelp.com,Female,,$3.16
446,Dody,Zuanelli,dzuanellicd@jigsy.com,Female,,$5.86
447,Sally,Atmore,satmorece@mozilla.org,Female,,$9.95
448,Osborne,Michin,omichincf@rediff.com,Male,$474.87,
449,Florencia,Caillou,fcailloucg@cornell.edu,Female,,$5.50
450,Lucinda,Terrett,lterrettch@netscape.com,Female,,$7.33
451,Portia,Karpets,pkarpetsci@gravatar.com,Female,,$1.07
452,Katina,Gannicleff,kgannicleffcj@virginia.edu,Female,$388.16,
453,Deedee,Sturdey,dsturdeyck@i2i.jp,Female,,$5.10
454,Evyn,Behrendsen,ebehrendsencl@privacy.gov.au,Male,$527.32,
455,Ameline,Tort,atortcm@wunderground.com,Female,$986.15,
456,Alexi,Veracruysse,averacruyssecn@nhs.uk,Female,$185.19,
457,Lila,Davidge,ldavidgeco@miitbeian.gov.cn,Female,,$0.62
458,Dewitt,Snuggs,dsnuggscp@naver.com,Male,$553.40,
459,Freda,Woodlands,fwoodlandscq@drupal.org,Female,,$6.05
460,Niel,Wherton,nwhertoncr@prweb.com,Male,,$8.61
461,Claretta,Teodorski,cteodorskics@quantcast.com,Female,$70.40,
462,Agna,Gashion,agashionct@gov.uk,Female,$206.51,
463,Iorgo,Clegg,icleggcu@sitemeter.com,Male,$107.49,
464,Ellis,Cargill,ecargillcv@dell.com,Male,,$8.38
465,Rudiger,Cosson,rcossoncw@altervista.org,Male,$551.49,
466,Shalom,Spraberry,sspraberrycx@vkontakte.ru,Male,$301.90,
467,Cornelius,Bartolacci,cbartolaccicy@dagondesign.com,Male,,$2.46
468,Early,Thake,ethakecz@ow.ly,Male,,$0.18
469,Vivia,Devonside,vdevonsided0@slideshare.net,Female,$233.55,
470,Noble,Cage,ncaged1@washington.edu,Male,$741.06,
471,Kristos,Edrich,kedrichd2@redcross.org,Male,$295.55,
472,Katharine,Bleythin,kbleythind3@opera.com,Female,,$6.96
473,Bastien,Renehan,brenehand4@answers.com,Male,$256.60,
474,Nevin,Pristnor,npristnord5@github.com,Male,$528.65,
475,Weidar,Morgan,wmorgand6@un.org,Male,$845.81,
476,Karalynn,Piola,kpiolad7@biglobe.ne.jp,Female,$321.17,
477,Flore,Piggens,fpiggensd8@google.cn,Female,$532.83,
478,Heinrick,Vernazza,hvernazzad9@elegantthemes.com,Male,,$7.24
479,Brennen,Cardno,bcardnoda@typepad.com,Male,$246.16,
480,Lawton,McInteer,lmcinteerdb@photobucket.com,Male,,$5.70
481,Sonny,Peatt,speattdc@odnoklassniki.ru,Male,$417.94,
482,Bronny,Sherar,bsherardd@flickr.com,Male,,$7.20
483,Forbes,Joscelyn,fjoscelynde@etsy.com,Male,,$9.38
484,Parnell,Askem,paskemdf@sina.com.cn,Male,,$9.25
485,Margaretha,Di Biasi,mdibiasidg@opera.com,Female,$89.93,
486,Erinna,Instrell,einstrelldh@wp.com,Female,,$0.80
487,Richart,Weld,rwelddi@disqus.com,Male,$680.13,
488,Philipa,Seman,psemandj@reverbnation.com,Female,$305.33,
489,Michele,O'Donnelly,modonnellydk@github.io,Female,,$1.77
490,Wallie,Ruddiforth,wruddiforthdl@typepad.com,Male,$851.70,
491,Thia,Storms,tstormsdm@trellian.com,Female,,$5.76
492,Avictor,Ashpole,aashpoledn@meetup.com,Male,,$0.97
493,Mickie,Brunotti,mbrunottido@yandex.ru,Male,,$4.62
494,Mart,Geddes,mgeddesdp@livejournal.com,Male,$482.57,
495,Alene,Copas,acopasdq@prnewswire.com,Female,,$3.43
496,Zebulon,Rawsthorn,zrawsthorndr@unesco.org,Male,$277.41,
497,Prudi,Bayns,pbaynsds@reference.com,Female,$386.22,
498,Gwynne,Paxforde,gpaxfordedt@cbslocal.com,Female,,$6.44
499,Merci,Barron,mbarrondu@naver.com,Female,,$7.15
500,Donall,Chasmar,dchasmardv@ft.com,Male,$467.85,
501,Arlin,Haddow,ahaddowdw@deliciousdays.com,Male,,$8.93
502,Winne,Renneke,wrennekedx@cbslocal.com,Female,$323.15,
503,Tanya,Cokely,tcokelydy@fc2.com,Female,$787.26,
504,Vidovik,Palmer,vpalmerdz@ameblo.jp,Male,$7.32,
505,Aguie,Vaughn,avaughne0@addthis.com,Male,$159.99,
506,Gillian,Calbert,gcalberte1@berkeley.edu,Female,$441.60,
507,Amby,Waddie,awaddiee2@live.com,Male,,$5.24
508,Theresina,Jiran,tjirane3@over-blog.com,Female,,$1.64
509,Kylie,Deppe,kdeppee4@cafepress.com,Male,,$1.67
510,Paco,Royce,proycee5@devhub.com,Male,,$7.00
511,Rufus,Pannaman,rpannamane6@newsvine.com,Male,,$4.36
512,Alwyn,Frede,afredee7@google.ru,Male,,$1.41
513,Benny,Schukraft,bschukrafte8@businessinsider.com,Male,$865.66,
514,Jamesy,Ogborn,jogborne9@home.pl,Male,,$6.84
515,Shirlene,Loads,sloadsea@google.es,Female,$165.41,
516,Linc,Leaburn,lleaburneb@redcross.org,Male,$41.29,
517,Harvey,Gronowe,hgronoweec@squidoo.com,Male,,$2.55
518,Britta,O' Markey,bomarkeyed@yolasite.com,Female,$528.58,
519,Leonid,O'Heagertie,loheagertieee@sun.com,Male,,$7.82
520,Mella,Asbrey,masbreyef@dell.com,Female,$622.25,
521,Roz,Howlin,rhowlineg@gov.uk,Female,,$7.98
522,Rozanne,Meriton,rmeritoneh@bloglovin.com,Female,$138.55,
523,Hermie,Knath,hknathei@jiathis.com,Male,,$7.62
524,Hort,Meredyth,hmeredythej@devhub.com,Male,,$6.42
525,Alard,Molian,amolianek@wikia.com,Male,,$7.86
526,Ches,Welbeck,cwelbeckel@wikispaces.com,Male,,$4.11
527,Lena,Blampey,lblampeyem@comsenz.com,Female,,$6.09
528,Dex,Coyte,dcoyteen@tumblr.com,Male,,$3.17
529,Sarene,Kinsman,skinsmaneo@cbc.ca,Female,,$6.66
530,Melonie,Rosenthal,mrosenthalep@mashable.com,Female,,$6.83
531,Madelon,Napper,mnappereq@unicef.org,Female,,$1.52
532,Lorenza,Gouldthorp,lgouldthorper@yandex.ru,Female,$268.50,
533,Ilario,Fosdick,ifosdickes@moonfruit.com,Male,$580.94,
534,Tore,Duddin,tduddinet@bandcamp.com,Male,$326.62,
535,Neil,Spraggon,nspraggoneu@creativecommons.org,Male,,$2.50
536,Jimmy,Folonin,jfoloninev@addtoany.com,Male,$954.96,
537,Paxton,Bech,pbechew@youtu.be,Male,,$6.78
538,Shandee,Capell,scapellex@ted.com,Female,,$3.99
539,Consolata,Vowles,cvowlesey@eepurl.com,Female,$532.09,
540,Dallas,Greste,dgresteez@dot.gov,Female,$4.46,
541,Alex,Sankey,asankeyf0@mtv.com,Female,$842.72,
542,Salaidh,Filyaev,sfilyaevf1@google.pl,Female,,$3.78
543,Logan,Walklot,lwalklotf2@qq.com,Male,$900.50,
544,Osmond,Whiffen,owhiffenf3@exblog.jp,Male,$394.01,
545,Karia,Guillot,kguillotf4@ucla.edu,Female,,$5.92
546,Yurik,Cossell,ycossellf5@prnewswire.com,Male,$214.45,
547,Goober,Cerie,gcerief6@indiegogo.com,Male,,$5.58
548,Linus,Gibb,lgibbf7@github.com,Male,$636.85,
549,Salomo,Rollitt,srollittf8@accuweather.com,Male,,$3.47
550,Kathi,Saye,ksayef9@studiopress.com,Female,$583.98,
551,Rab,Shambrooke,rshambrookefa@prnewswire.com,Male,,$3.50
552,Xavier,Bengall,xbengallfb@illinois.edu,Male,,$4.38
553,Babs,Simonds,bsimondsfc@theglobeandmail.com,Female,,$2.49
554,Salvidor,Erwin,serwinfd@example.com,Male,$903.74,
555,Roosevelt,Cridlin,rcridlinfe@epa.gov,Male,$718.38,
556,Lanie,Bettesworth,lbettesworthff@buzzfeed.com,Male,$63.18,
557,Gertrude,Sibille,gsibillefg@un.org,Female,$445.02,
558,Sibeal,Britzius,sbritziusfh@theatlantic.com,Female,$626.17,
559,Hadleigh,Gemnett,hgemnettfi@smh.com.au,Male,,$1.98
560,Keary,Redding,kreddingfj@blinklist.com,Male,$427.26,
561,Koenraad,Ower,kowerfk@quantcast.com,Male,,$7.70
562,Koral,Whitmore,kwhitmorefl@instagram.com,Female,$941.85,
563,Jeniffer,Heinonen,jheinonenfm@independent.co.uk,Female,,$0.43
564,Alexandr,Collip,acollipfn@google.co.jp,Male,$436.30,
565,Christan,Hamal,chamalfo@psu.edu,Female,$268.78,
566,Billy,Krauss,bkraussfp@yahoo.co.jp,Male,,$9.88
567,Zandra,Madders,zmaddersfq@cam.ac.uk,Female,,$5.35
568,Delmor,Broseke,dbrosekefr@sciencedaily.com,Male,$111.36,
569,Lorens,Swait,lswaitfs@i2i.jp,Male,,$4.68
570,Gayle,McCaster,gmccasterft@yahoo.com,Female,$664.66,
571,Orly,Sains,osainsfu@rambler.ru,Female,,$9.02
572,Rutger,Greser,rgreserfv@pinterest.com,Male,,$4.52
573,Bobinette,Wadge,bwadgefw@twitter.com,Female,$86.36,
574,Thorpe,Ferschke,tferschkefx@google.com.br,Male,$449.30,
575,Heloise,Badgers,hbadgersfy@sphinn.com,Female,$152.46,
576,Kingsley,Kiff,kkifffz@blogspot.com,Male,$261.81,
577,Tresa,Deeming,tdeemingg0@pinterest.com,Female,$124.51,
578,Billie,Barles,bbarlesg1@blogspot.com,Male,$807.90,
579,Joelle,Assur,jassurg2@indiegogo.com,Female,$656.81,
580,Marlene,Jaycocks,mjaycocksg3@deviantart.com,Female,,$6.96
581,Julie,Wyley,jwyleyg4@who.int,Male,$276.65,
582,Austin,Lawson,alawsong5@liveinternet.ru,Male,,$6.93
583,Brandon,Folbige,bfolbigeg6@seattletimes.com,Male,$223.26,
584,Alika,Breed,abreedg7@redcross.org,Female,$556.07,
585,Crawford,Fucher,cfucherg8@oakley.com,Male,,$2.50
586,Bordie,Huggon,bhuggong9@china.com.cn,Male,$561.37,
587,Llewellyn,Bedenham,lbedenhamga@opensource.org,Male,,$8.22
588,Forest,Nettleship,fnettleshipgb@yelp.com,Male,,$8.87
589,Waverley,Presho,wpreshogc@bandcamp.com,Male,$446.23,
590,Ola,Quesne,oquesnegd@omniture.com,Female,$628.96,
591,Brittani,Thon,bthonge@wisc.edu,Female,,$2.15
592,Hayward,Petraitis,hpetraitisgf@godaddy.com,Male,$219.70,
593,Koralle,Stanwix,kstanwixgg@tripod.com,Female,,$1.29
594,Hagen,Callaby,hcallabygh@cocolog-nifty.com,Male,$576.04,
595,Stefan,Harget,shargetgi@indiatimes.com,Male,,$4.59
596,Alleen,Danielsen,adanielsengj@mozilla.org,Female,$381.15,
597,Annamarie,Eplate,aeplategk@stanford.edu,Female,$948.66,
598,Lamond,Morl,lmorlgl@blog.com,Male,,$3.70
599,Osbourn,Benoit,obenoitgm@odnoklassniki.ru,Male,$824.66,
600,Marita,Cursey,mcurseygn@huffingtonpost.com,Female,$957.34,
601,Dotti,Brackley,dbrackleygo@icio.us,Female,$762.81,
602,Paul,Iuorio,piuoriogp@parallels.com,Male,,$2.24
603,Tedra,Teissier,tteissiergq@seesaa.net,Female,,$2.88
604,Cello,Whiteley,cwhiteleygr@harvard.edu,Male,,$1.59
605,Pamella,Steen,psteengs@msn.com,Female,,$1.99
606,Arni,Pichmann,apichmanngt@vimeo.com,Male,$716.70,
607,Maible,Neilus,mneilusgu@sitemeter.com,Female,,$1.12
608,Orran,Garci,ogarcigv@cpanel.net,Male,,$1.00
609,Red,Scain,rscaingw@facebook.com,Male,$887.35,
610,Cindelyn,Fernez,cfernezgx@github.com,Female,$347.63,
611,Steward,Donaway,sdonawaygy@cbc.ca,Male,$743.93,
612,Maris,Malim,mmalimgz@prlog.org,Female,$0.50,
613,Den,Pietroni,dpietronih0@icio.us,Male,$735.57,
614,Adham,de Mullett,ademulletth1@berkeley.edu,Male,$40.38,
615,Jerrylee,Starsmeare,jstarsmeareh2@webmd.com,Female,,$4.16
616,Sibel,Milthorpe,smilthorpeh3@1und1.de,Female,$76.35,
617,Curran,Vanni,cvannih4@ifeng.com,Male,$241.07,
618,Sherry,McCullen,smccullenh5@vkontakte.ru,Female,$80.22,
619,Letty,Nottingham,lnottinghamh6@apache.org,Female,,$0.28
620,Ros,Chesson,rchessonh7@edublogs.org,Female,$157.92,
621,Teodora,Pllu,tplluh8@ebay.com,Female,$822.66,
622,Rudolf,Nickols,rnickolsh9@devhub.com,Male,$940.32,
623,Vern,Burdell,vburdellha@cloudflare.com,Male,$763.26,
624,Ezechiel,Gobourn,egobournhb@unesco.org,Male,$188.57,
625,Maddi,Schettini,mschettinihc@shinystat.com,Female,$561.89,
626,Courtney,Harrie,charriehd@e-recht24.de,Male,,$6.61
627,Vivyan,Johnke,vjohnkehe@netscape.com,Female,,$1.84
628,Cordell,Wethers,cwethershf@cornell.edu,Male,$962.35,
629,Carmel,Jackson,cjacksonhg@w3.org,Female,$381.02,
630,Chucho,Gueste,cguestehh@mediafire.com,Male,$390.73,
631,Franzen,Lamb,flambhi@spiegel.de,Male,,$5.04
632,Juditha,Brandt,jbrandthj@china.com.cn,Female,,$6.48
633,Meridith,Adamolli,madamollihk@tripod.com,Female,$1.03,
634,Felita,Aasaf,faasafhl@nasa.gov,Female,,$8.46
635,Phyllys,Vynall,pvynallhm@people.com.cn,Female,$739.01,
636,Judye,Wormstone,jwormstonehn@yandex.ru,Female,,$7.15
637,Buiron,Pringer,bpringerho@cmu.edu,Male,$433.22,
638,Pascale,Jevons,pjevonshp@opera.com,Male,$988.10,
639,Stephan,Malthouse,smalthousehq@tuttocitta.it,Male,$246.19,
640,Lenna,Ilbert,lilberthr@is.gd,Female,$872.71,
641,Nikaniki,Schreiner,nschreinerhs@odnoklassniki.ru,Female,$399.18,
642,Fancie,Celiz,fcelizht@goo.gl,Female,,$9.56
643,Tedra,Kinge,tkingehu@ovh.net,Female,$658.24,
644,Adorne,Rolley,arolleyhv@apple.com,Female,$699.59,
645,Phillipp,Laudham,plaudhamhw@vinaora.com,Male,$662.35,
646,Joshia,Clementi,jclementihx@mlb.com,Male,$22.90,
647,Tull,McCotter,tmccotterhy@ft.com,Male,,$1.00
648,Naoma,Flement,nflementhz@accuweather.com,Female,,$1.96
649,Nilson,Gorton,ngortoni0@ftc.gov,Male,,$4.09
650,Emlen,Colliber,ecolliberi1@soup.io,Male,$340.90,
651,Matty,Mumbey,mmumbeyi2@usatoday.com,Female,,$1.24
652,Dud,Connett,dconnetti3@oakley.com,Male,$392.93,
653,Dulsea,Clulee,dcluleei4@tripod.com,Female,$932.77,
654,Wat,Arnhold,warnholdi5@soup.io,Male,,$3.18
655,Salaidh,Grigoriev,sgrigorievi6@xing.com,Female,$248.11,
656,Fancy,Hammand,fhammandi7@berkeley.edu,Female,,$4.89
657,Barnabas,Attrill,battrilli8@reddit.com,Male,,$6.47
658,Aubert,Angelo,aangeloi9@ted.com,Male,,$4.47
659,Anson,Chessor,achessoria@cnet.com,Male,$474.95,
660,Osmond,Stearns,ostearnsib@tinypic.com,Male,,$0.43
661,Gwenette,Strettle,gstrettleic@php.net,Female,,$6.48
662,Fanchette,Rosborough,frosboroughid@ihg.com,Female,$771.64,
663,Nester,Jacques,njacquesie@columbia.edu,Male,$522.58,
664,Mathian,Gullis,mgullisif@ameblo.jp,Male,,$9.28
665,Frederik,Lepere,flepereig@flavors.me,Male,,$1.21
666,Abagael,Klimentyonok,aklimentyonokih@bloomberg.com,Female,,$0.21
667,Claudian,Copo,ccopoii@de.vu,Male,$879.56,
668,Lemuel,Newburn,lnewburnij@omniture.com,Male,,$3.29
669,Steffie,Somerscales,ssomerscalesik@google.de,Female,$965.77,
670,Irv,Simondson,isimondsonil@1und1.de,Male,$85.49,
671,Conant,Seymour,cseymourim@about.me,Male,,$8.64
672,Brook,Rouke,broukein@hibu.com,Female,$907.90,
673,Felic,Ewenson,fewensonio@linkedin.com,Male,$50.21,
674,Janice,McWhinnie,jmcwhinnieip@ezinearticles.com,Female,$828.86,
675,Alwin,McWilliams,amcwilliamsiq@hc360.com,Male,$975.18,
676,Thaine,Coskerry,tcoskerryir@artisteer.com,Male,$981.78,
677,Reynold,Powter,rpowteris@apache.org,Male,$321.42,
678,Roma,Braznell,rbraznellit@cnn.com,Male,,$3.63
679,Gunar,Pethick,gpethickiu@weebly.com,Male,$738.97,
680,Giraud,Martinovic,gmartinoviciv@delicious.com,Male,,$7.50
681,Ali,Grimstead,agrimsteadiw@ebay.com,Female,,$4.23
682,Zelig,McIntee,zmcinteeix@mayoclinic.com,Male,,$1.41
683,Orella,Russam,orussamiy@1688.com,Female,$627.45,
684,Hinze,Zimmer,hzimmeriz@nasa.gov,Male,$993.26,
685,Bevvy,Lethlay,blethlayj0@wordpress.org,Female,$573.56,
686,Daisie,Synnot,dsynnotj1@free.fr,Female,,$0.48
687,Giorgio,Hanshawe,ghanshawej2@wp.com,Male,,$5.93
688,Consolata,Brecknall,cbrecknallj3@dion.ne.jp,Female,$832.10,
689,Rene,Kilfoyle,rkilfoylej4@lulu.com,Male,,$9.82
690,Isac,Andric,iandricj5@acquirethisname.com,Male,,$2.65
691,Marabel,Mainstone,mmainstonej6@slideshare.net,Female,$741.83,
692,Bailie,Cavill,bcavillj7@epa.gov,Male,,$6.97
693,Gayle,Lynock,glynockj8@pbs.org,Male,,$5.79
694,Timotheus,Laws,tlawsj9@behance.net,Male,,$2.80
695,Susan,Giacomasso,sgiacomassoja@census.gov,Female,,$1.71
696,Flemming,Blundel,fblundeljb@unblog.fr,Male,,$3.81
697,Sebastien,Beech,sbeechjc@ihg.com,Male,$935.92,
698,Roch,Lochead,rlocheadjd@diigo.com,Female,,$6.20
699,Jackie,Thieme,jthiemeje@ehow.com,Male,$918.03,
700,Jordon,Clapton,jclaptonjf@nps.gov,Male,,$0.27
701,Kalvin,Ziehms,kziehmsjg@php.net,Male,,$6.55
702,Stefano,Langlands,slanglandsjh@cbc.ca,Male,$239.72,
703,Nye,Peach,npeachji@latimes.com,Male,$117.22,
704,Mandie,La Croce,mlacrocejj@mac.com,Female,,$4.61
705,Oren,Pegrum,opegrumjk@economist.com,Male,,$9.01
706,Vincenz,Elsmore,velsmorejl@army.mil,Male,,$8.19
707,Reade,Duckham,rduckhamjm@marriott.com,Male,,$2.13
708,Breanne,Flemming,bflemmingjn@topsy.com,Female,,$6.60
709,Clovis,Bigg,cbiggjo@dailymotion.com,Female,,$5.02
710,Issi,Casement,icasementjp@latimes.com,Female,$572.82,
711,Birch,Coard,bcoardjq@webs.com,Male,$291.39,
712,Brittaney,Aitchison,baitchisonjr@about.me,Female,$744.41,
713,Dukie,Bowdidge,dbowdidgejs@imdb.com,Male,,$2.87
714,Jamesy,Brigshaw,jbrigshawjt@blogger.com,Male,$791.90,
715,Earlie,Standley,estandleyju@freewebs.com,Male,,$7.04
716,Philippine,Leader,pleaderjv@mozilla.com,Female,,$4.21
717,Mia,Klemenz,mklemenzjw@mediafire.com,Female,,$0.98
718,Jemie,Cromblehome,jcromblehomejx@last.fm,Female,$71.07,
719,Bell,Maharry,bmaharryjy@toplist.cz,Female,$538.83,
720,Stanwood,Lockhurst,slockhurstjz@usnews.com,Male,$613.68,
721,Brittni,Culpen,bculpenk0@woothemes.com,Female,$97.91,
722,Bud,Prickett,bprickettk1@ehow.com,Male,,$6.10
723,Tito,Causer,tcauserk2@admin.ch,Male,$649.44,
724,Rozalie,Harback,rharbackk3@unicef.org,Female,,$9.11
725,Carlynne,Keedy,ckeedyk4@google.com.br,Female,,$3.19
726,Torry,Borghese,tborghesek5@mac.com,Male,,$0.02
727,Doria,Churm,dchurmk6@live.com,Female,$855.12,
728,Isabelita,Tubritt,itubrittk7@desdev.cn,Female,$573.86,
729,Gordan,Cardenoso,gcardenosok8@whitehouse.gov,Male,$192.42,
730,Jaymee,Marvel,jmarvelk9@fda.gov,Female,$615.67,
731,Britni,McGirl,bmcgirlka@cpanel.net,Female,,$5.47
732,Margareta,Kenrick,mkenrickkb@edublogs.org,Female,$666.28,
733,Glynnis,Peyzer,gpeyzerkc@berkeley.edu,Female,$650.35,
734,Muire,Wigfall,mwigfallkd@cornell.edu,Female,$44.34,
735,Wini,Beveridge,wbeveridgeke@google.ru,Female,,$6.94
736,Dani,Gentiry,dgentirykf@phoca.cz,Male,$286.99,
737,Kerwin,Rugieri,krugierikg@uol.com.br,Male,,$4.95
738,Ira,Setch,isetchkh@addtoany.com,Female,,$7.68
739,Sandor,Potts,spottski@marriott.com,Male,$783.48,
740,Jessee,Carrane,jcarranekj@yale.edu,Male,,$7.54
741,Berky,Scase,bscasekk@51.la,Male,,$5.32
742,Waly,Bernardotte,wbernardottekl@elegantthemes.com,Female,,$9.94
743,Emmi,Jellman,ejellmankm@usa.gov,Female,,$1.71
744,Annora,Pappin,apappinkn@columbia.edu,Female,$184.91,
745,Fielding,Danilovic,fdanilovicko@barnesandnoble.com,Male,$77.12,
746,Duncan,Tremblet,dtrembletkp@epa.gov,Male,$575.95,
747,Nadia,Foggo,nfoggokq@nytimes.com,Female,$420.53,
748,Abbot,Starford,astarfordkr@google.co.uk,Male,$341.35,
749,Kerwin,Britto,kbrittoks@google.fr,Male,$612.19,
750,Georges,Barmadier,gbarmadierkt@photobucket.com,Male,,$6.20
751,Dasha,Poupard,dpoupardku@washington.edu,Female,,$6.36
752,Morgun,Scrooby,mscroobykv@msu.edu,Male,$573.15,
753,Cherianne,Marcinkowski,cmarcinkowskikw@shop-pro.jp,Female,,$1.19
754,Naomi,Dunbleton,ndunbletonkx@sfgate.com,Female,$671.86,
755,Edmund,Gabbitas,egabbitasky@bizjournals.com,Male,,$0.43
756,Ed,Footitt,efootittkz@yelp.com,Male,,$3.39
757,Sig,Romi,sromil0@webmd.com,Male,$900.20,
758,Gottfried,Zannetti,gzannettil1@dyndns.org,Male,,$2.80
759,Willi,Mitchelmore,wmitchelmorel2@example.com,Male,$724.21,
760,Chery,Piotrowski,cpiotrowskil3@bbb.org,Female,,$9.18
761,Aindrea,Gasken,agaskenl4@merriam-webster.com,Female,$951.00,
762,Gwendolin,Halleybone,ghalleybonel5@shutterfly.com,Female,,$2.17
763,Loretta,Gibling,lgiblingl6@1und1.de,Female,,$1.91
764,Helena,Roome,hroomel7@china.com.cn,Female,,$4.83
765,Sanders,Holdren,sholdrenl8@techcrunch.com,Male,,$2.61
766,Cloris,Inold,cinoldl9@cbc.ca,Female,$248.58,
767,Marthena,Pummery,mpummeryla@virginia.edu,Female,,$9.58
768,Tabor,Rounds,troundslb@xing.com,Male,$437.11,
769,Ester,Dobbs,edobbslc@wikimedia.org,Female,,$1.07
770,Dorris,Yushmanov,dyushmanovld@themeforest.net,Female,,$7.84
771,Dallon,Selbach,dselbachle@hubpages.com,Male,,$8.07
772,Jeffy,Pavie,jpavielf@moonfruit.com,Male,$193.88,
773,Sheridan,Atty,sattylg@tinyurl.com,Male,,$1.78
774,Tally,Rewan,trewanlh@xing.com,Male,$118.25,
775,Dolores,Theseira,dtheseirali@microsoft.com,Female,$929.33,
776,Rosita,Tebbe,rtebbelj@blogtalkradio.com,Female,$546.05,
777,Cozmo,Grund,cgrundlk@amazon.com,Male,$89.78,
778,Darrel,Nicholas,dnicholasll@engadget.com,Male,$48.50,
779,Borg,Eskrick,beskricklm@marketwatch.com,Male,$748.95,
780,Marnie,D'Oyley,mdoyleyln@hibu.com,Female,,$6.46
781,Eleen,Igoe,eigoelo@msu.edu,Female,$661.84,
782,Kimberlee,Rhodes,krhodeslp@wunderground.com,Female,,$5.78
783,Anders,Lecordier,alecordierlq@odnoklassniki.ru,Male,$187.63,
784,Rance,Macourek,rmacoureklr@yolasite.com,Male,$536.14,
785,Kaja,Forge,kforgels@yolasite.com,Female,,$9.89
786,Alice,Smorthit,asmorthitlt@geocities.com,Female,$892.58,
787,Dorey,Brahams,dbrahamslu@smh.com.au,Female,,$2.62
788,Temp,McCoish,tmccoishlv@themeforest.net,Male,$16.80,
789,Nesta,Cadney,ncadneylw@goo.gl,Female,$948.00,
790,Morie,Scarre,mscarrelx@newyorker.com,Male,$578.69,
791,Donnamarie,Gumly,dgumlyly@dailymotion.com,Female,,$6.36
792,Alwin,Chang,achanglz@google.ca,Male,,$4.63
793,Drusie,Pooley,dpooleym0@weather.com,Female,,$0.77
794,Perceval,Shilstone,pshilstonem1@yolasite.com,Male,,$1.55
795,Chase,Camelia,ccameliam2@elegantthemes.com,Male,$643.17,
796,Dorette,Flahive,dflahivem3@dailymail.co.uk,Female,$414.85,
797,Michell,Cavnor,mcavnorm4@abc.net.au,Female,$793.58,
798,Sanderson,Williment,swillimentm5@bravesites.com,Male,,$8.59
799,Domenic,Selesnick,dselesnickm6@nifty.com,Male,$313.07,
800,Conny,Giraldon,cgiraldonm7@netvibes.com,Female,$219.87,
801,Bartolomeo,McMaster,bmcmasterm8@princeton.edu,Male,,$8.17
802,Emelina,Hixley,ehixleym9@taobao.com,Female,$678.36,
803,Daisie,Burney,dburneyma@shutterfly.com,Female,$152.27,
804,Cheston,Leap,cleapmb@themeforest.net,Male,,$3.63
805,Penelope,Lowings,plowingsmc@elpais.com,Female,$749.02,
806,Derby,Astman,dastmanmd@amazon.com,Male,,$6.86
807,Cecil,Ivannikov,civannikovme@jalbum.net,Female,$770.94,
808,Miriam,Spradbery,mspradberymf@unc.edu,Female,,$3.18
809,Farris,Teas,fteasmg@icq.com,Male,,$1.32
810,Wayland,Cargenven,wcargenvenmh@studiopress.com,Male,,$1.90
811,Wyn,Follett,wfollettmi@samsung.com,Male,,$8.85
812,Kristos,Van Halle,kvanhallemj@reverbnation.com,Male,,$4.54
813,Polly,Bygate,pbygatemk@rambler.ru,Female,$266.90,
814,Janith,Fehners,jfehnersml@washington.edu,Female,$814.59,
815,Laina,Yarnold,lyarnoldmm@xrea.com,Female,$56.66,
816,Ivar,Hayller,ihayllermn@sogou.com,Male,,$9.48
817,Mikel,Knappe,mknappemo@ft.com,Male,$244.32,
818,Jeffie,Lambol,jlambolmp@unicef.org,Male,,$9.18
819,Elnore,Magrannell,emagrannellmq@sourceforge.net,Female,$113.27,
820,Spence,Simpole,ssimpolemr@go.com,Male,,$4.14
821,Milicent,Josephsen,mjosephsenms@yahoo.com,Female,$54.21,
822,Stephenie,Tromans,stromansmt@fema.gov,Female,$904.07,
823,Purcell,Duesbury,pduesburymu@shutterfly.com,Male,$747.54,
824,Jaine,Reiling,jreilingmv@sphinn.com,Female,$483.83,
825,Ianthe,Brumham,ibrumhammw@sciencedaily.com,Female,$503.84,
826,Julita,Rubinowitz,jrubinowitzmx@cargocollective.com,Female,,$2.89
827,Marlo,Clowton,mclowtonmy@desdev.cn,Male,$130.47,
828,Loria,Roberds,lroberdsmz@printfriendly.com,Female,,$1.11
829,Forster,Ouldcott,fouldcottn0@yellowbook.com,Male,$237.35,
830,Alvie,Espley,aespleyn1@amazon.co.jp,Male,,$5.30
831,Garwin,Scrancher,gscranchern2@abc.net.au,Male,$999.29,
832,Ollie,Wildman,owildmann3@loc.gov,Female,,$5.60
833,Ronna,MacShirie,rmacshirien4@samsung.com,Female,,$8.55
834,Marleah,Guise,mguisen5@pagesperso-orange.fr,Female,$810.79,
835,Hiram,Deverick,hdeverickn6@oaic.gov.au,Male,,$2.47
836,Jeannette,Whitcomb,jwhitcombn7@slate.com,Female,$934.85,
837,Cos,Kalinovich,ckalinovichn8@slate.com,Male,$816.04,
838,Gracie,Walsh,gwalshn9@mediafire.com,Female,,$7.65
839,Chaddy,Bayless,cbaylessna@noaa.gov,Male,$663.00,
840,Ilyssa,Edgson,iedgsonnb@japanpost.jp,Female,$867.16,
841,Aimee,Wray,awraync@discovery.com,Female,,$2.03
842,Erhart,Creebo,ecreebond@dell.com,Male,$934.32,
843,Ignace,Kirkness,ikirknessne@ycombinator.com,Male,$208.35,
844,Anni,Parsell,aparsellnf@dropbox.com,Female,$831.76,
845,Farlay,Floyd,ffloydng@sun.com,Male,$268.52,
846,Ward,Strewthers,wstrewthersnh@chron.com,Male,,$4.60
847,Bride,Rist,bristni@shinystat.com,Female,,$1.78
848,Jeanne,Maltby,jmaltbynj@booking.com,Female,,$3.29
849,Jolene,Gillbey,jgillbeynk@oakley.com,Female,,$0.14
850,Freeman,Merali,fmeralinl@uol.com.br,Male,$910.11,
851,Karina,Gatecliffe,kgatecliffenm@addthis.com,Female,$811.57,
852,Hanna,Negal,hnegalnn@networksolutions.com,Female,,$9.87
853,Sydel,Joist,sjoistno@cnbc.com,Female,$673.26,
854,Orton,Chatenier,ochateniernp@reddit.com,Male,,$2.65
855,Earvin,Blewett,eblewettnq@gravatar.com,Male,,$8.50
856,Caryn,Govenlock,cgovenlocknr@techcrunch.com,Female,,$4.26
857,Dara,Garcia,dgarcians@fotki.com,Female,$781.19,
858,Aeriel,Dee,adeent@cnet.com,Female,$919.13,
859,Vin,Woodfield,vwoodfieldnu@springer.com,Male,,$2.20
860,Delano,Jefferys,djefferysnv@symantec.com,Male,,$1.52
861,Celestyna,Garric,cgarricnw@wunderground.com,Female,,$1.36
862,Dorey,Haestier,dhaestiernx@patch.com,Female,,$9.44
863,Lynne,Scottesmoor,lscottesmoorny@comsenz.com,Female,,$9.07
864,Jo,Elwood,jelwoodnz@elpais.com,Female,,$1.19
865,Jude,Mantle,jmantleo0@dion.ne.jp,Male,$871.27,
866,Christen,Matthews,cmatthewso1@loc.gov,Female,,$1.41
867,Edd,Burth,eburtho2@rambler.ru,Male,$195.49,
868,Murielle,Terrington,mterringtono3@archive.org,Female,,$2.94
869,Alejandro,Spilsbury,aspilsburyo4@marriott.com,Male,,$5.43
870,Flss,Knellen,fknelleno5@sbwire.com,Female,$488.49,
871,Gal,Turford,gturfordo6@google.com.au,Male,,$4.35
872,Dewitt,Speers,dspeerso7@4shared.com,Male,$434.18,
873,Kay,Daout,kdaouto8@so-net.ne.jp,Female,$408.70,
874,Tamma,Wilkins,twilkinso9@ycombinator.com,Female,,$0.95
875,Bale,Tranckle,btranckleoa@uiuc.edu,Male,,$9.45
876,Foster,Birchett,fbirchettob@example.com,Male,,$1.17
877,Karney,Dunstall,kdunstalloc@hp.com,Male,$589.42,
878,Andrej,Seary,asearyod@4shared.com,Male,$290.52,
879,Kelby,Witling,kwitlingoe@cloudflare.com,Male,$419.93,
880,Frasquito,Loudiane,floudianeof@washington.edu,Male,$513.56,
881,Justinian,Iacovazzi,jiacovazziog@drupal.org,Male,,$5.79
882,Geordie,Chess,gchessoh@edublogs.org,Male,$510.78,
883,Vince,Bernardez,vbernardezoi@a8.net,Male,$957.80,
884,Zedekiah,Minot,zminotoj@list-manage.com,Male,$217.30,
885,Jervis,Galier,jgalierok@booking.com,Male,,$1.11
886,Peg,Badby,pbadbyol@guardian.co.uk,Female,,$7.02
887,Alvina,Gallatly,agallatlyom@bbb.org,Female,$905.44,
888,Elston,Barlas,ebarlason@fema.gov,Male,$993.69,
889,Gaylor,Posselwhite,gposselwhiteoo@constantcontact.com,Male,$224.29,
890,Zed,Barthrop,zbarthropop@flickr.com,Male,$560.77,
891,Wendi,Criple,wcripleoq@microsoft.com,Female,$125.96,
892,Seth,Renney,srenneyor@omniture.com,Male,,$8.62
893,Doralin,Coyle,dcoyleos@skype.com,Female,,$0.18
894,Ali,Gooderidge,agooderidgeot@skype.com,Male,,$6.31
895,Will,McIlvaney,wmcilvaneyou@seesaa.net,Male,,$6.87
896,Rudyard,Brack,rbrackov@clickbank.net,Male,,$2.16
897,Lonni,Prinn,lprinnow@ycombinator.com,Female,$202.70,
898,Dennet,Delleschi,ddelleschiox@bbc.co.uk,Male,,$1.45
899,Thomasa,Valentin,tvalentinoy@ning.com,Female,,$0.45
900,Sari,Goudge,sgoudgeoz@jimdo.com,Female,,$9.16
901,Jacquetta,Codling,jcodlingp0@example.com,Female,,$5.42
902,Wendie,Semered,wsemeredp1@feedburner.com,Female,$444.46,
903,Maddie,Laxe,mlaxep2@sogou.com,Male,,$4.97
904,Montague,Bayles,mbaylesp3@utexas.edu,Male,,$6.99
905,Nellie,Blunkett,nblunkettp4@technorati.com,Female,$585.73,
906,Shirleen,Shankland,sshanklandp5@typepad.com,Female,,$7.72
907,Gayel,Fairholme,gfairholmep6@hhs.gov,Female,,$2.47
908,Felike,Dallyn,fdallynp7@businessinsider.com,Male,$794.38,
909,Boycie,Raysdale,braysdalep8@booking.com,Male,,$9.75
910,Shurlocke,Humpherston,shumpherstonp9@fastcompany.com,Male,$121.02,
911,Amberly,Way,awaypa@stanford.edu,Female,,$6.44
912,Kristos,Clewlow,kclewlowpb@spotify.com,Male,,$8.40
913,Marietta,Freiberg,mfreibergpc@w3.org,Male,$913.05,
914,Dian,Malins,dmalinspd@fda.gov,Female,$445.25,
915,Benedick,Mattin,bmattinpe@stanford.edu,Male,$443.98,
916,Andres,Giannoni,agiannonipf@icq.com,Male,$191.16,
917,Geordie,Marrow,gmarrowpg@dropbox.com,Male,$863.19,
918,Emma,Perrin,eperrinph@abc.net.au,Female,$972.26,
919,Sam,Summerson,ssummersonpi@nyu.edu,Male,$659.38,
920,Billy,Giacomazzo,bgiacomazzopj@quantcast.com,Male,$511.73,
921,Alisha,Watkiss,awatkisspk@bloglovin.com,Female,$609.12,
922,Wolfy,Finicj,wfinicjpl@posterous.com,Male,,$9.14
923,Moll,Abelov,mabelovpm@amazonaws.com,Female,$582.29,
924,Hobart,Pedlow,hpedlowpn@homestead.com,Male,$358.42,
925,Rip,Werendell,rwerendellpo@discovery.com,Male,,$9.01
926,Jerry,Patrickson,jpatricksonpp@mozilla.com,Female,$356.75,
927,Leese,Rymer,lrymerpq@reference.com,Female,$782.98,
928,Chandler,Laingmaid,claingmaidpr@google.de,Male,,$8.84
929,Orazio,Lilbourne,olilbourneps@goo.ne.jp,Male,,$5.47
930,Noemi,Godfrey,ngodfreypt@irs.gov,Female,$30.92,
931,Geoffrey,Pantecost,gpantecostpu@bloomberg.com,Male,,$3.07
932,Ambrosi,Capaldi,acapaldipv@ow.ly,Male,,$9.06
933,Wald,Howroyd,whowroydpw@usnews.com,Male,,$9.12
934,Nevin,Antley,nantleypx@vistaprint.com,Male,$733.79,
935,Gawain,Bugdall,gbugdallpy@networkadvertising.org,Male,$339.34,
936,Lurleen,Mengue,lmenguepz@ehow.com,Female,,$8.41
937,Beverlee,Hurich,bhurichq0@wordpress.org,Female,$73.83,
938,Shanna,Thomasset,sthomassetq1@jiathis.com,Female,,$1.22
939,Dodi,Heyburn,dheyburnq2@hibu.com,Female,$121.75,
940,Robers,Tight,rtightq3@google.com.au,Male,,$3.95
941,Thorpe,Howsden,thowsdenq4@ftc.gov,Male,,$4.48
942,Isabella,Antrag,iantragq5@dyndns.org,Female,,$1.14
943,Ezra,Lautie,elautieq6@shutterfly.com,Male,,$7.15
944,Kevina,Thurby,kthurbyq7@pen.io,Female,$590.75,
945,Manuel,Pettican,mpetticanq8@cpanel.net,Male,,$0.34
946,Suki,Jardine,sjardineq9@technorati.com,Female,$701.01,
947,Roseanne,Polet,rpoletqa@irs.gov,Female,,$2.58
948,Randa,Turpey,rturpeyqb@washingtonpost.com,Female,,$5.75
949,Agustin,Attwood,aattwoodqc@themeforest.net,Male,$849.99,
950,Rebe,O'Dogherty,rodoghertyqd@chicagotribune.com,Female,$612.45,
951,Bettina,Esparza,besparzaqe@ucoz.ru,Female,,$0.36
952,Aloysius,Haste,ahasteqf@cnbc.com,Male,,$9.11
953,Nicola,Royste,nroysteqg@joomla.org,Male,$434.78,
954,Philipa,Pauel,ppauelqh@xinhuanet.com,Female,,$9.31
955,Glynnis,Cloney,gcloneyqi@aol.com,Female,$550.99,
956,Bil,Caress,bcaressqj@soup.io,Male,,$1.08
957,Johannah,Suddock,jsuddockqk@booking.com,Female,$656.54,
958,Ame,Rizzi,arizziql@wikia.com,Female,,$5.63
959,Aimil,Bewlay,abewlayqm@pagesperso-orange.fr,Female,,$2.23
960,Alfy,Spinas,aspinasqn@is.gd,Male,$411.40,
961,Matthias,Shallcross,mshallcrossqo@yahoo.co.jp,Male,$980.58,
962,Kamilah,Rosenblad,krosenbladqp@mozilla.org,Female,,$6.56
963,Yale,Sellman,ysellmanqq@webnode.com,Male,,$4.25
964,Giorgia,Corain,gcorainqr@nsw.gov.au,Female,$274.37,
965,Darline,Shoppee,dshoppeeqs@state.gov,Female,,$0.78
966,Neile,Roma,nromaqt@tmall.com,Female,,$9.26
967,Bernice,Myring,bmyringqu@deliciousdays.com,Female,$355.43,
968,Marigold,Brayfield,mbrayfieldqv@addthis.com,Female,$173.64,
969,Fax,Albers,falbersqw@dyndns.org,Male,$187.53,
970,Emyle,Thresh,ethreshqx@reference.com,Female,,$9.14
971,Scarlet,Mort,smortqy@spotify.com,Female,,$2.02
972,Aviva,Tillman,atillmanqz@theatlantic.com,Female,,$4.83
973,Everett,Robotham,erobothamr0@census.gov,Male,,$0.03
974,Clem,Tenant,ctenantr1@mozilla.org,Male,,$2.64
975,Shannon,Kubas,skubasr2@sourceforge.net,Female,,$8.92
976,Van,Nears,vnearsr3@altervista.org,Male,,$3.69
977,Maure,Cords,mcordsr4@baidu.com,Female,,$3.83
978,Rupert,Killeen,rkilleenr5@ning.com,Male,,$4.13
979,Florella,Krauze,fkrauzer6@ft.com,Female,$958.22,
980,Josias,Whyatt,jwhyattr7@example.com,Male,,$1.65
981,Phillis,Ziemens,pziemensr8@shop-pro.jp,Female,$402.91,
982,Germaine,Rymmer,grymmerr9@networksolutions.com,Male,,$2.21
983,Marijo,Jessup,mjessupra@cnet.com,Female,,$9.46
984,Angelika,Saxelby,asaxelbyrb@ca.gov,Female,,$1.79
985,Katalin,Storrar,kstorrarrc@blog.com,Female,$615.09,
986,Mitzi,Klass,mklassrd@acquirethisname.com,Female,$704.52,
987,Adda,Wabey,awabeyre@arstechnica.com,Female,,$8.18
988,Gracie,Trevena,gtrevenarf@unicef.org,Female,,$0.74
989,Arni,Haxell,ahaxellrg@fda.gov,Male,,$2.81
990,Deedee,Cribbin,dcribbinrh@bloomberg.com,Female,,$6.46
991,Gaspard,Bagot,gbagotri@360.cn,Male,$900.83,
992,Dar,Garrique,dgarriquerj@google.ca,Male,,$4.74
993,Lion,Coleby,lcolebyrk@ustream.tv,Male,$269.67,
994,Christophe,Hendrix,chendrixrl@cam.ac.uk,Male,,$3.49
995,Jone,Darell,jdarellrm@prweb.com,Male,,$9.87
996,Gilbert,Chaston,gchastonrn@webeden.co.uk,Male,$538.36,
997,Helene,Whyteman,hwhytemanro@stanford.edu,Female,$225.37,
998,Brady,Ogborne,bogbornerp@myspace.com,Male,,$9.78
999,Elga,Tippell,etippellrq@adobe.com,Female,$39.10,
1000,Rachel,Mendonca,rmendoncarr@hhs.gov,Female,,$2.93
