id,first_name,last_name,email,gender,credit,debit
1,Tonia,Peniello,tpeniello0@typepad.com,Female,$22.14,
2,Berry,Cecil,bcecil1@nymag.com,Female,,$57.95
3,Gabriellia,Pariss,gpariss2@cnet.com,Female,$8.51,
4,Binni,Spracklin,bspracklin3@nytimes.com,Female,,$4.89
5,Heindrick,Kenion,hkenion4@canalblog.com,Male,,$54.71
6,Cecilio,Brothwell,cbrothwell5@slideshare.net,Male,,$57.08
7,Joye,Mayhead,jmayhead6@google.com.hk,Female,$69.64,
8,Kellen,Binge,kbinge7@wordpress.com,Female,$19.70,
9,Reube,O'Corren,rocorren8@blogtalkradio.com,Male,,$13.64
10,Edith,Girardin,egirardin9@economist.com,Female,$8.25,
11,Barron,Duran,bdurana@squidoo.com,Male,,$1.76
12,Camella,Heaseman,cheasemanb@indiatimes.com,Female,,$94.43
13,My,McKeeman,mmckeemanc@japanpost.jp,Male,,$41.57
14,Claybourne,Clyde,cclyded@ezinearticles.com,Male,,$81.89
15,Mufinella,Ianinotti,mianinottie@sitemeter.com,Female,,$74.28
16,Jonas,Manser,jmanserf@wix.com,Male,,$79.15
17,Levey,Dumini,lduminig@bbc.co.uk,Male,,$69.67
18,Caron,Beckmann,cbeckmannh@prlog.org,Female,$23.98,
19,Ewell,Allberry,eallberryi@harvard.edu,Male,$79.15,
20,Alfred,Daout,adaoutj@myspace.com,Male,,$29.89
21,Kermy,Farden,kfardenk@seattletimes.com,Male,$84.84,
22,Gay,Bainbridge,gbainbridgel@usa.gov,Female,,$33.68
23,Cassie,Caseley,ccaseleym@tmall.com,Female,$39.12,
24,Roderigo,Marder,rmardern@yahoo.co.jp,Male,,$22.65
25,Gherardo,Corthes,gcortheso@telegraph.co.uk,Male,$85.00,
26,Freeland,Du Pre,fduprep@vk.com,Male,$9.85,
27,Cynde,Paolacci,cpaolacciq@spiegel.de,Female,,$68.41
28,Alan,Ruse,aruser@stanford.edu,Male,,$47.08
29,Horatia,Nuss,hnusss@bloomberg.com,Female,,$27.31
30,Wolf,McDougald,wmcdougaldt@japanpost.jp,Male,$94.97,
31,Kliment,Skelhorn,kskelhornu@un.org,Male,$50.90,
32,Mac,Houston,mhoustonv@altervista.org,Male,$33.92,
33,Lorna,Dagwell,ldagwellw@mozilla.org,Female,,$39.04
34,Burl,Vodden,bvoddenx@webmd.com,Male,,$53.97
35,Hilton,Fricke,hfrickey@g.co,Male,,$51.46
36,Urbano,Tankard,utankardz@unblog.fr,Male,$71.11,
37,Madel,Wiffill,mwiffill10@angelfire.com,Female,$14.39,
38,Engracia,Ambler,eambler11@nba.com,Female,,$52.29
39,Brena,Howey,bhowey12@wikipedia.org,Female,$91.50,
40,Donavon,Rundall,drundall13@chron.com,Male,$27.63,
41,Cacilia,Sprouls,csprouls14@goo.ne.jp,Female,$85.72,
42,Brook,Doddemeade,bdoddemeade15@tinyurl.com,Female,$35.88,
43,Arne,Alekhov,aalekhov16@bloglovin.com,Male,$96.17,
44,Gladys,Shiel,gshiel17@csmonitor.com,Female,$10.22,
45,Earl,Spurrier,espurrier18@webeden.co.uk,Male,,$12.08
46,Justus,Cankett,jcankett19@cisco.com,Male,$85.84,
47,Aili,Hallows,ahallows1a@examiner.com,Female,,$95.88
48,Robbi,Clemmett,rclemmett1b@craigslist.org,Female,$62.10,
49,Philis,Slides,pslides1c@de.vu,Female,,$73.77
50,Nester,Crafts,ncrafts1d@zimbio.com,Male,$39.06,
51,Katrina,Salthouse,ksalthouse1e@samsung.com,Female,$66.96,
52,Fraser,Downe,fdowne1f@xrea.com,Male,,$54.66
53,Sholom,Kirsopp,skirsopp1g@spiegel.de,Male,$27.15,
54,Georg,Haycock,ghaycock1h@comsenz.com,Male,$95.79,
55,Raynard,Licari,rlicari1i@engadget.com,Male,$68.89,
56,Jeremias,Khomin,jkhomin1j@t-online.de,Male,$64.45,
57,Lewiss,Camell,lcamell1k@princeton.edu,Male,,$77.78
58,Ekaterina,Jefferson,ejefferson1l@narod.ru,Female,$35.34,
59,Ramona,Alliott,ralliott1m@blogger.com,Female,$95.26,
60,Dukey,Gilfoy,dgilfoy1n@jimdo.com,Male,$91.18,
61,Maureene,Aspel,maspel1o@over-blog.com,Female,$4.15,
62,Elana,Frow,efrow1p@sina.com.cn,Female,$19.64,
63,Xylia,Edney,xedney1q@technorati.com,Female,,$57.95
64,Julieta,Jacobsen,jjacobsen1r@foxnews.com,Female,,$9.38
65,Waldo,De Bruin,wdebruin1s@wordpress.org,Male,$73.48,
66,Lynnelle,Keene,lkeene1t@who.int,Female,$51.44,
67,Ketty,Adshede,kadshede1u@wix.com,Female,,$11.05
68,Merrill,Mindenhall,mmindenhall1v@miitbeian.gov.cn,Male,$73.03,
69,Aldo,Martynikhin,amartynikhin1w@1und1.de,Male,$74.82,
70,Antonia,Bysaker,abysaker1x@google.co.jp,Female,,$36.00
71,Steffie,Coggin,scoggin1y@diigo.com,Female,,$56.94
72,Emalee,Loveridge,eloveridge1z@nbcnews.com,Female,,$63.18
73,Rhody,Houlridge,rhoulridge20@fotki.com,Female,,$31.02
74,Josee,Stanett,jstanett21@wufoo.com,Female,,$41.43
75,Lotta,Oxteby,loxteby22@pcworld.com,Female,$34.52,
76,Alfy,Riddell,ariddell23@mac.com,Female,,$38.80
77,Otho,Wilding,owilding24@youtube.com,Male,$71.12,
78,Clayson,Barson,cbarson25@army.mil,Male,$90.09,
79,Red,Bichener,rbichener26@godaddy.com,Male,,$14.43
80,Pate,Paige,ppaige27@ycombinator.com,Male,$63.45,
81,Francesco,Macieja,fmacieja28@mysql.com,Male,,$42.16
82,Filmer,Roughey,froughey29@macromedia.com,Male,$46.95,
83,Audrye,Hayter,ahayter2a@census.gov,Female,,$41.98
84,Rog,Gladdis,rgladdis2b@163.com,Male,,$70.62
85,Faustine,Jakobssen,fjakobssen2c@goo.ne.jp,Female,$13.66,
86,Channa,Kerbler,ckerbler2d@shutterfly.com,Female,,$44.55
87,Emory,Thicking,ethicking2e@feedburner.com,Male,,$64.64
88,Zuzana,Iliff,ziliff2f@exblog.jp,Female,$33.60,
89,Ardyth,Gwynn,agwynn2g@wikia.com,Female,$40.01,
90,Lucien,McLagain,lmclagain2h@businesswire.com,Male,$95.19,
91,Meagan,Shadrack,mshadrack2i@jiathis.com,Female,$63.70,
92,Kizzee,Vigneron,kvigneron2j@comsenz.com,Female,$84.95,
93,Oriana,Hansana,ohansana2k@amazon.com,Female,,$55.53
94,Carl,Greet,cgreet2l@wsj.com,Male,,$62.03
95,Vivie,Hadaway,vhadaway2m@arstechnica.com,Female,,$11.77
96,Angelica,Bemlott,abemlott2n@arizona.edu,Female,,$17.81
97,Lauritz,Bilsborrow,lbilsborrow2o@bloomberg.com,Male,,$39.28
98,Cordelia,Battista,cbattista2p@uol.com.br,Female,,$88.24
99,Tedd,Pietruszka,tpietruszka2q@arizona.edu,Male,,$2.78
100,Berkly,Bicksteth,bbicksteth2r@dion.ne.jp,Male,,$19.46
101,Kimmie,Yurchishin,kyurchishin2s@theguardian.com,Female,,$16.05
102,Nicki,Brydson,nbrydson2t@rediff.com,Female,$81.24,
103,North,Daouse,ndaouse2u@globo.com,Male,,$80.78
104,Osborne,Hawkey,ohawkey2v@ucoz.ru,Male,$83.63,
105,Hillier,Antuk,hantuk2w@yolasite.com,Male,$52.03,
106,Ara,Robrow,arobrow2x@instagram.com,Male,$82.46,
107,Kaleena,Sweynson,ksweynson2y@huffingtonpost.com,Female,,$9.62
108,Rois,Duham,rduham2z@plala.or.jp,Female,,$50.66
109,Ward,Polding,wpolding30@goo.gl,Male,,$94.97
110,Anallese,Koubek,akoubek31@indiegogo.com,Female,,$85.13
111,Cassie,Trask,ctrask32@indiatimes.com,Male,,$8.51
112,Hillard,Trousdell,htrousdell33@163.com,Male,,$75.83
113,Trever,Labitt,tlabitt34@ocn.ne.jp,Male,$36.12,
114,Leodora,Bette,lbette35@mtv.com,Female,$25.74,
115,Gram,Silson,gsilson36@rambler.ru,Male,$44.63,
116,Hanson,Berkely,hberkely37@booking.com,Male,$41.66,
117,Kellie,Tomaszczyk,ktomaszczyk38@typepad.com,Female,,$56.36
118,Merrielle,Remer,mremer39@redcross.org,Female,$85.07,
119,Niels,Witchalls,nwitchalls3a@google.co.jp,Male,,$38.89
120,Leeann,Canellas,lcanellas3b@opera.com,Female,,$72.02
121,Suzi,Granleese,sgranleese3c@examiner.com,Female,,$38.16
122,Link,Morilla,lmorilla3d@ted.com,Male,$51.74,
123,Oliy,Thurlborn,othurlborn3e@lycos.com,Female,,$15.35
124,Zoe,Vaskov,zvaskov3f@amazon.co.uk,Female,,$20.37
125,Eal,Thominga,ethominga3g@biglobe.ne.jp,Male,$45.96,
126,Esta,Sabben,esabben3h@deviantart.com,Female,,$86.09
127,Ritchie,Tomei,rtomei3i@yahoo.co.jp,Male,,$43.06
128,Elsey,Du Hamel,eduhamel3j@cnet.com,Female,,$59.45
129,Bonny,Byk,bbyk3k@mayoclinic.com,Female,$14.59,
130,Timofei,Cullinan,tcullinan3l@unc.edu,Male,$47.85,
131,Wilt,Loxston,wloxston3m@usgs.gov,Male,$50.87,
132,Joachim,Castagnone,jcastagnone3n@redcross.org,Male,$2.54,
133,Bil,Valek,bvalek3o@addthis.com,Male,$34.30,
134,Tanner,Sheridan,tsheridan3p@skyrock.com,Male,$79.12,
135,Hugo,Eaglesham,heaglesham3q@edublogs.org,Male,$28.41,
136,Findley,Ahern,fahern3r@ca.gov,Male,$43.58,
137,Blanch,Olenchikov,bolenchikov3s@sciencedirect.com,Female,,$55.33
138,Fabiano,Berrigan,fberrigan3t@cmu.edu,Male,$5.69,
139,Garek,Paxeford,gpaxeford3u@java.com,Male,$15.22,
140,Kile,Cano,kcano3v@wordpress.com,Male,,$52.06
141,Chrissie,Lofting,clofting3w@ameblo.jp,Male,,$73.92
142,Dee,Zincke,dzincke3x@ted.com,Female,$58.93,
143,Eryn,Coslitt,ecoslitt3y@eventbrite.com,Female,$25.85,
144,Reg,Barnhart,rbarnhart3z@fc2.com,Male,$17.52,
145,Giffie,Bitchener,gbitchener40@umich.edu,Male,,$33.06
146,Annabella,McArley,amcarley41@state.gov,Female,,$11.47
147,Rachelle,Erridge,rerridge42@senate.gov,Female,,$16.83
148,Davie,Whitwham,dwhitwham43@goodreads.com,Male,,$18.44
149,Mame,Rugg,mrugg44@paypal.com,Female,,$20.07
150,Del,Swainger,dswainger45@fotki.com,Female,,$44.26
151,Stanislaus,Tenny,stenny46@themeforest.net,Male,$47.26,
152,Doris,O'Hern,dohern47@nps.gov,Female,,$21.33
153,Bellina,McOwen,bmcowen48@tumblr.com,Female,,$64.66
154,Ruggiero,Vellacott,rvellacott49@angelfire.com,Male,,$97.53
155,Nita,Brise,nbrise4a@auda.org.au,Female,,$73.69
156,Garwood,McAdam,gmcadam4b@lulu.com,Male,$16.62,
157,Obadias,Vooght,ovooght4c@indiatimes.com,Male,,$19.95
158,Liam,Atack,latack4d@ning.com,Male,,$56.04
159,Halsey,Hubner,hhubner4e@yolasite.com,Male,,$49.11
160,Gasparo,L'Episcopio,glepiscopio4f@techcrunch.com,Male,,$29.35
161,Nappie,Parratt,nparratt4g@issuu.com,Male,,$94.90
162,Brewer,Carwardine,bcarwardine4h@flickr.com,Male,,$22.69
163,Humbert,Naisbet,hnaisbet4i@myspace.com,Male,$32.03,
164,Isabelita,Cissell,icissell4j@google.cn,Female,$90.27,
165,Caril,Whitney,cwhitney4k@dmoz.org,Female,$65.97,
166,Godwin,Chaster,gchaster4l@histats.com,Male,$18.51,
167,Saunders,Faldo,sfaldo4m@livejournal.com,Male,$26.45,
168,Borg,Mees,bmees4n@lycos.com,Male,$21.75,
169,Darcee,Wenman,dwenman4o@salon.com,Female,$62.69,
170,Kingsley,De Witt,kdewitt4p@nytimes.com,Male,$22.53,
171,Alfy,Ready,aready4q@hud.gov,Female,$45.23,
172,Trueman,Disney,tdisney4r@elpais.com,Male,,$59.05
173,Nataniel,Neicho,nneicho4s@instagram.com,Male,,$38.00
174,Cosmo,Farherty,cfarherty4t@topsy.com,Male,,$16.56
175,Graehme,Summersby,gsummersby4u@theglobeandmail.com,Male,$55.04,
176,Ethe,Gorring,egorring4v@usgs.gov,Male,,$64.21
177,Deborah,Snarie,dsnarie4w@weibo.com,Female,$84.12,
178,Mei,Cosbee,mcosbee4x@reddit.com,Female,,$4.89
179,Kelwin,Henfre,khenfre4y@home.pl,Male,,$60.07
180,Quintin,Speller,qspeller4z@wordpress.com,Male,$5.54,
181,Crista,Roggieri,croggieri50@dyndns.org,Female,,$94.23
182,Clint,Brangan,cbrangan51@seesaa.net,Male,,$83.13
183,Wilfrid,Cornfoot,wcornfoot52@apache.org,Male,$9.64,
184,Andria,Kevlin,akevlin53@sun.com,Female,,$9.89
185,Randal,Fishly,rfishly54@foxnews.com,Male,,$75.96
186,Aubine,Potte,apotte55@bloomberg.com,Female,,$15.76
187,Horacio,Starrs,hstarrs56@angelfire.com,Male,$56.24,
188,Caryn,Storry,cstorry57@howstuffworks.com,Female,$21.94,
189,Ebonee,Poxton,epoxton58@cargocollective.com,Female,$69.34,
190,Clare,Clace,cclace59@cnbc.com,Female,$19.35,
191,Minda,Kopec,mkopec5a@illinois.edu,Female,$39.27,
192,Yancy,Beech,ybeech5b@irs.gov,Male,$71.17,
193,Marena,Emmet,memmet5c@foxnews.com,Female,$13.17,
194,Myca,Vallentin,mvallentin5d@bloomberg.com,Male,,$41.60
195,Georgeanna,Morforth,gmorforth5e@unicef.org,Female,$11.62,
196,Zora,Standall,zstandall5f@unblog.fr,Female,,$37.42
197,Kendricks,Puttan,kputtan5g@nps.gov,Male,,$51.37
198,Candida,Kinworthy,ckinworthy5h@behance.net,Female,$82.92,
199,Lorenzo,Aingel,laingel5i@toplist.cz,Male,,$88.60
200,Tom,Wolfarth,twolfarth5j@squidoo.com,Male,$5.23,
201,Carmon,Lelievre,clelievre5k@businessweek.com,Female,,$39.94
202,Liana,Ashwell,lashwell5l@ucla.edu,Female,$47.91,
203,Linet,Glede,lglede5m@tiny.cc,Female,$78.88,
204,Otha,Caddies,ocaddies5n@arizona.edu,Female,$81.81,
205,Kandy,Colquit,kcolquit5o@google.ca,Female,$3.76,
206,Giselle,Evennett,gevennett5p@engadget.com,Female,,$76.16
207,Gary,Busher,gbusher5q@mtv.com,Male,,$26.65
208,Loni,Loffhead,lloffhead5r@telegraph.co.uk,Female,,$23.40
209,Jacobo,Timblett,jtimblett5s@bbb.org,Male,$11.55,
210,Emelen,Penwell,epenwell5t@geocities.jp,Male,$93.56,
211,Charley,Karpman,ckarpman5u@g.co,Male,$31.29,
212,Iorgos,Coom,icoom5v@netvibes.com,Male,,$97.57
213,Jan,Yacobsohn,jyacobsohn5w@creativecommons.org,Male,$25.13,
214,Kasper,Sandeland,ksandeland5x@aol.com,Male,$40.85,
215,Chariot,Di Giorgio,cdigiorgio5y@google.es,Male,$95.93,
216,Jami,Eastgate,jeastgate5z@squidoo.com,Female,$35.73,
217,Worthy,Bettaney,wbettaney60@blinklist.com,Male,,$95.75
218,Hagan,Loveard,hloveard61@artisteer.com,Male,$64.40,
219,Laurene,Lambert,llambert62@noaa.gov,Female,,$54.35
220,Lorraine,Crebo,lcrebo63@goo.gl,Female,$42.33,
221,Druci,McComish,dmccomish64@hud.gov,Female,$17.41,
222,Bronny,Giacomuzzi,bgiacomuzzi65@1688.com,Male,,$33.59
223,Phillip,Attreed,pattreed66@omniture.com,Male,,$98.87
224,Corine,Snugg,csnugg67@last.fm,Female,,$45.93
225,Tracy,Mindenhall,tmindenhall68@webmd.com,Male,$82.56,
226,Pat,Buse,pbuse69@yahoo.com,Male,$45.25,
227,Sibylle,Vispo,svispo6a@imdb.com,Female,$87.08,
228,Elianora,Barkes,ebarkes6b@columbia.edu,Female,$2.41,
229,Wait,Elie,welie6c@ask.com,Male,$32.73,
230,Jamesy,Madgin,jmadgin6d@ox.ac.uk,Male,$81.67,
231,Pepita,Forty,pforty6e@boston.com,Female,,$36.62
232,Nickolas,Mully,nmully6f@xinhuanet.com,Male,,$62.05
233,Carena,De Atta,cdeatta6g@xrea.com,Female,$4.12,
234,Merridie,Brockie,mbrockie6h@hubpages.com,Female,,$71.73
235,Sullivan,Meedendorpe,smeedendorpe6i@cnn.com,Male,$69.66,
236,Charmaine,Balding,cbalding6j@rediff.com,Female,,$51.25
237,Ermin,Kohneke,ekohneke6k@redcross.org,Male,$15.30,
238,Tamma,Leyfield,tleyfield6l@skype.com,Female,$18.05,
239,Eleni,Simonelli,esimonelli6m@moonfruit.com,Female,,$4.11
240,Georgiana,Leavey,gleavey6n@smugmug.com,Female,,$53.13
241,Cirilo,Lockier,clockier6o@cnbc.com,Male,$3.22,
242,Yoshi,Creigan,ycreigan6p@wsj.com,Female,,$92.38
243,Robbie,Calkin,rcalkin6q@geocities.jp,Female,$24.23,
244,Clare,Doughton,cdoughton6r@usda.gov,Female,,$26.65
245,Gnni,Brockington,gbrockington6s@unicef.org,Female,,$41.88
246,Anstice,Sleney,asleney6t@people.com.cn,Female,,$69.23
247,Bendix,Kidman,bkidman6u@spotify.com,Male,,$74.83
248,Rosabella,Cornforth,rcornforth6v@bandcamp.com,Female,,$96.86
249,Herman,Abramsky,habramsky6w@yahoo.com,Male,$55.86,
250,Den,Beldan,dbeldan6x@bbb.org,Male,,$83.23
251,Penelope,Lourenco,plourenco6y@mediafire.com,Female,,$71.85
252,Rosanne,Bernardi,rbernardi6z@fema.gov,Female,,$13.26
253,Andrea,Dmitriev,admitriev70@clickbank.net,Female,$99.90,
254,Sela,Huncote,shuncote71@elpais.com,Female,,$48.37
255,Ailis,Dikes,adikes72@weather.com,Female,,$26.15
256,Granville,Yurov,gyurov73@quantcast.com,Male,,$5.00
257,Junette,Safhill,jsafhill74@php.net,Female,,$88.70
258,Ginny,McGilvra,gmcgilvra75@furl.net,Female,$43.78,
259,Clemmy,Wyke,cwyke76@noaa.gov,Male,,$12.50
260,Ara,Colwill,acolwill77@yandex.ru,Male,,$39.58
261,Zebulen,Gulc,zgulc78@yandex.ru,Male,$2.65,
262,Noak,Courtney,ncourtney79@tripod.com,Male,$97.40,
263,Lucias,Berwick,lberwick7a@washington.edu,Male,$27.86,
264,Mariam,Fattorini,mfattorini7b@woothemes.com,Female,,$37.90
265,Georgine,Maciejak,gmaciejak7c@cornell.edu,Female,$35.62,
266,Joletta,Kingsnoad,jkingsnoad7d@wordpress.com,Female,$58.08,
267,Alica,Bauser,abauser7e@istockphoto.com,Female,$14.31,
268,Andreana,Backhouse,abackhouse7f@phoca.cz,Female,,$41.86
269,Randell,Smaleman,rsmaleman7g@hc360.com,Male,,$31.31
270,Kurt,Colmore,kcolmore7h@wordpress.com,Male,,$2.03
271,Kacy,Villalta,kvillalta7i@typepad.com,Female,,$13.86
272,Rory,Fraschini,rfraschini7j@surveymonkey.com,Male,$25.86,
273,Clementine,Lumber,clumber7k@so-net.ne.jp,Female,$9.29,
274,Darice,Schorah,dschorah7l@wikimedia.org,Female,,$25.44
275,Gram,Davidovics,gdavidovics7m@ox.ac.uk,Male,,$75.54
276,Engracia,von Nassau,evonnassau7n@google.com,Female,$54.36,
277,Yardley,Toghill,ytoghill7o@google.nl,Male,,$37.90
278,Kerby,Wontner,kwontner7p@auda.org.au,Male,,$58.50
279,Artie,Moyser,amoyser7q@walmart.com,Male,,$14.32
280,Ilyssa,Bickell,ibickell7r@prnewswire.com,Female,$21.62,
281,Waneta,Sindell,wsindell7s@senate.gov,Female,,$62.14
282,Kesley,Loweth,kloweth7t@mit.edu,Female,,$18.67
283,Cly,Zellner,czellner7u@bandcamp.com,Male,,$33.14
284,Dolley,Backshell,dbackshell7v@friendfeed.com,Female,,$35.24
285,Cass,Burrage,cburrage7w@eepurl.com,Male,,$39.35
286,Debi,Roads,droads7x@bluehost.com,Female,,$80.72
287,Mellicent,Vallantine,mvallantine7y@reuters.com,Female,$97.42,
288,Rora,Boness,rboness7z@yolasite.com,Female,,$35.04
289,Lissie,Jeaneau,ljeaneau80@privacy.gov.au,Female,,$6.14
290,Levy,Prewer,lprewer81@google.com.au,Male,$16.05,
291,Lolita,Kornes,lkornes82@usa.gov,Female,$64.86,
292,Lorens,Chadwick,lchadwick83@intel.com,Male,$53.61,
293,Hughie,Dulany,hdulany84@cpanel.net,Male,$87.57,
294,Kennan,Ronci,kronci85@miibeian.gov.cn,Male,,$73.38
295,Morris,Dmitr,mdmitr86@admin.ch,Male,,$52.15
296,Jerri,Webland,jwebland87@furl.net,Male,$0.95,
297,Pru,Kalvin,pkalvin88@soup.io,Female,$64.90,
298,Rikki,Thurske,rthurske89@nature.com,Male,$15.12,
299,Collette,Cranmor,ccranmor8a@imgur.com,Female,,$96.56
300,Benito,Parsall,bparsall8b@wufoo.com,Male,,$78.24
301,Roxanne,Annett,rannett8c@fda.gov,Female,$22.55,
302,Dierdre,Cranmore,dcranmore8d@yellowbook.com,Female,$64.02,
303,Delano,MacNeilley,dmacneilley8e@amazon.co.uk,Male,,$31.35
304,Daisi,Vinall,dvinall8f@rakuten.co.jp,Female,,$49.00
305,Elwin,Brann,ebrann8g@tinypic.com,Male,,$52.10
306,Elmo,Groome,egroome8h@upenn.edu,Male,,$10.33
307,Damita,Oldnall,doldnall8i@altervista.org,Female,$91.80,
308,Jacinthe,Benoi,jbenoi8j@bloglovin.com,Female,$64.62,
309,Irwinn,Utting,iutting8k@yale.edu,Male,,$4.86
310,Juliana,Megahey,jmegahey8l@addtoany.com,Female,,$23.89
311,Maximilien,Blasi,mblasi8m@imdb.com,Male,$66.03,
312,Kennie,Landor,klandor8n@yellowpages.com,Male,,$93.64
313,Dwayne,Leaf,dleaf8o@nydailynews.com,Male,$33.17,
314,Ede,Russe,erusse8p@patch.com,Female,$26.55,
315,Marian,O'Shea,moshea8q@ft.com,Female,,$34.09
316,Dionis,Di Biagi,ddibiagi8r@ustream.tv,Female,,$47.78
317,Doti,Cudworth,dcudworth8s@fastcompany.com,Female,$42.77,
318,Rosy,Leyninye,rleyninye8t@sun.com,Female,$85.98,
319,Demetre,Edgler,dedgler8u@naver.com,Male,,$91.42
320,Gawen,Pattison,gpattison8v@fda.gov,Male,,$65.56
321,Jarvis,Tearny,jtearny8w@hhs.gov,Male,$27.97,
322,Cort,Larrie,clarrie8x@oakley.com,Male,,$97.16
323,Kerry,Slyvester,kslyvester8y@t.co,Male,$63.90,
324,Rem,Kike,rkike8z@printfriendly.com,Male,,$34.29
325,Hetty,Schukert,hschukert90@oracle.com,Female,,$10.21
326,Rance,Bachshell,rbachshell91@google.ru,Male,,$21.97
327,Harmonia,Hurford,hhurford92@cyberchimps.com,Female,$7.73,
328,Adriena,Snodden,asnodden93@chicagotribune.com,Female,,$78.44
329,Koren,Sodor,ksodor94@yale.edu,Female,,$21.63
330,Morgen,Baudains,mbaudains95@nifty.com,Female,,$11.04
331,Jimmy,Disbury,jdisbury96@ft.com,Male,,$3.77
332,Ettore,Bakewell,ebakewell97@blogtalkradio.com,Male,$0.54,
333,Sada,Cosgry,scosgry98@craigslist.org,Female,,$73.16
334,Christabel,Sutch,csutch99@wunderground.com,Female,$83.64,
335,Bernardine,Zeale,bzeale9a@statcounter.com,Female,,$70.20
336,Nils,MacSharry,nmacsharry9b@seesaa.net,Male,,$22.23
337,Felice,Roylance,froylance9c@altervista.org,Female,,$54.22
338,Dalt,Preece,dpreece9d@scientificamerican.com,Male,$6.52,
339,Hunter,Sogg,hsogg9e@aol.com,Male,$29.04,
340,Merilyn,Beggs,mbeggs9f@cnet.com,Female,,$27.08
341,Kariotta,O'Scollain,koscollain9g@imdb.com,Female,$76.57,
342,Lelah,Tidy,ltidy9h@flavors.me,Female,,$78.77
343,Audrye,Ivantsov,aivantsov9i@senate.gov,Female,$58.65,
344,Boony,Getty,bgetty9j@ed.gov,Male,$53.20,
345,Hyacinthe,Clemmett,hclemmett9k@princeton.edu,Female,,$47.97
346,Isis,Gianilli,igianilli9l@dedecms.com,Female,,$11.82
347,Nikolaus,Munton,nmunton9m@yahoo.co.jp,Male,$82.28,
348,Teddy,Gallafant,tgallafant9n@time.com,Male,$3.54,
349,Odie,Andryushchenko,oandryushchenko9o@ftc.gov,Male,$85.62,
350,Jedidiah,Catmull,jcatmull9p@hostgator.com,Male,,$9.20
351,Malory,Springtorp,mspringtorp9q@npr.org,Female,$7.08,
352,Rosabella,Shrimpton,rshrimpton9r@1688.com,Female,,$12.08
353,Tedi,Swaden,tswaden9s@springer.com,Female,,$35.92
354,Marysa,Huke,mhuke9t@usa.gov,Female,$12.38,
355,Kevyn,Wisden,kwisden9u@wp.com,Female,,$0.31
356,Sissie,Gilvary,sgilvary9v@virginia.edu,Female,$77.95,
357,Bobinette,Jacop,bjacop9w@zdnet.com,Female,,$89.95
358,Daniella,Traske,dtraske9x@cloudflare.com,Female,$8.78,
359,Kristan,Bench,kbench9y@newyorker.com,Female,,$81.00
360,Dion,Broxup,dbroxup9z@hud.gov,Male,,$10.49
361,Kirbie,Piller,kpillera0@soup.io,Female,$52.08,
362,Ariana,Isard,aisarda1@ning.com,Female,$96.13,
363,Annette,Hatrick,ahatricka2@princeton.edu,Female,$67.52,
364,Jannelle,Pilmer,jpilmera3@accuweather.com,Female,$53.14,
365,Filippo,Essam,fessama4@paypal.com,Male,,$86.58
366,Leif,Filpo,lfilpoa5@artisteer.com,Male,,$94.40
367,Seward,Chalice,schalicea6@google.co.uk,Male,$80.35,
368,Leslie,Lauxmann,llauxmanna7@ox.ac.uk,Male,,$50.18
369,Drusi,Curtin,dcurtina8@intel.com,Female,,$8.92
370,Carlye,Swayne,cswaynea9@marketwatch.com,Female,,$6.17
371,Bibby,Warrack,bwarrackaa@shutterfly.com,Female,$18.01,
372,Hester,Gwyther,hgwytherab@vistaprint.com,Female,,$97.47
373,Tamera,D'Hooge,tdhoogeac@state.tx.us,Female,$87.05,
374,Turner,Jiracek,tjiracekad@domainmarket.com,Male,,$66.83
375,Thatch,Catenot,tcatenotae@php.net,Male,$44.90,
376,Rollo,Tiddy,rtiddyaf@trellian.com,Male,$29.03,
377,Zacharias,Chamberlaine,zchamberlaineag@opera.com,Male,$62.32,
378,Sibyl,Eve,seveah@hibu.com,Female,$69.13,
379,Kass,Skryne,kskryneai@ebay.co.uk,Female,,$44.15
380,Gilburt,Dolton,gdoltonaj@phoca.cz,Male,$71.46,
381,Sabina,Simpole,ssimpoleak@china.com.cn,Female,$23.12,
382,Rubina,Hryncewicz,rhryncewiczal@is.gd,Female,,$64.08
383,Barnard,Holttom,bholttomam@multiply.com,Male,$49.29,
384,Minne,Monard,mmonardan@ustream.tv,Female,$85.82,
385,Anastasie,Tildesley,atildesleyao@dailymail.co.uk,Female,$32.95,
386,Cristobal,Shatford,cshatfordap@cam.ac.uk,Male,$55.80,
387,Shanan,Fieldsend,sfieldsendaq@flickr.com,Male,$26.74,
388,Brear,Fetherby,bfetherbyar@craigslist.org,Female,$7.78,
389,Kittie,Mirfield,kmirfieldas@cnet.com,Female,,$26.11
390,Chrissie,Alexsandrowicz,calexsandrowiczat@dion.ne.jp,Female,$4.03,
391,Bill,Grasser,bgrasserau@godaddy.com,Male,,$10.10
392,Corie,Van Salzberger,cvansalzbergerav@sitemeter.com,Female,,$92.85
393,Shaughn,Tooth,stoothaw@hubpages.com,Male,,$31.50
394,Norris,Allkins,nallkinsax@samsung.com,Male,$69.37,
395,Dimitry,Reinhardt,dreinhardtay@earthlink.net,Male,,$31.54
396,Leola,Kiff,lkiffaz@fc2.com,Female,$37.00,
397,Marisa,Stare,mstareb0@php.net,Female,,$44.97
398,Claudia,Huntingford,chuntingfordb1@com.com,Female,$88.08,
399,Chip,Revans,crevansb2@goo.gl,Male,$48.01,
400,Justino,Reap,jreapb3@dell.com,Male,$42.21,
401,Debora,Gerber,dgerberb4@latimes.com,Female,$38.24,
402,Louise,Nuccii,lnucciib5@goo.gl,Female,$35.18,
403,Johnny,Megany,jmeganyb6@sina.com.cn,Male,,$27.71
404,Laurette,Catterson,lcattersonb7@example.com,Female,$53.94,
405,Claus,Jewster,cjewsterb8@taobao.com,Male,,$36.88
406,Briney,McBean,bmcbeanb9@1688.com,Female,$77.98,
407,Danna,Suero,dsueroba@bbc.co.uk,Female,$65.26,
408,Nikolas,Maccari,nmaccaribb@instagram.com,Male,,$80.78
409,Ursuline,Alcalde,ualcaldebc@hostgator.com,Female,,$88.53
410,Carlota,Wansbury,cwansburybd@yellowpages.com,Female,,$97.68
411,Nikolaos,Prys,nprysbe@cargocollective.com,Male,$46.10,
412,Devina,Blanchet,dblanchetbf@addtoany.com,Female,$9.56,
413,Norene,Loxton,nloxtonbg@amazon.de,Female,$50.34,
414,Heindrick,Michele,hmichelebh@acquirethisname.com,Male,,$85.56
415,Heath,Ethersey,hetherseybi@si.edu,Male,$83.05,
416,Amara,Sibbit,asibbitbj@archive.org,Female,,$53.05
417,Olav,Nornasell,onornasellbk@dropbox.com,Male,$27.79,
418,Brittaney,Brickwood,bbrickwoodbl@wisc.edu,Female,,$71.46
419,Stormy,Rosier,srosierbm@istockphoto.com,Female,,$44.08
420,Tabor,Lassetter,tlassetterbn@mayoclinic.com,Male,,$26.41
421,Derril,Browncey,dbrownceybo@newyorker.com,Male,$70.24,
422,Randal,Coie,rcoiebp@drupal.org,Male,,$55.84
423,Cindee,Lannin,clanninbq@nba.com,Female,$19.85,
424,Alleen,Blofield,ablofieldbr@google.de,Female,$12.29,
425,Muffin,Titley,mtitleybs@cdbaby.com,Male,,$34.43
426,Tildy,Pozer,tpozerbt@ibm.com,Female,$13.70,
427,Ashbey,Rosterne,arosternebu@webeden.co.uk,Male,,$97.89
428,Lianna,Muggleston,lmugglestonbv@bloglovin.com,Female,$46.86,
429,Ambrosio,Mattacks,amattacksbw@dedecms.com,Male,$89.03,
430,Conan,Caine,ccainebx@cpanel.net,Male,$31.22,
431,Carleton,Moulsdale,cmoulsdaleby@eepurl.com,Male,$86.73,
432,Lu,Bissex,lbissexbz@live.com,Female,,$48.93
433,Nickey,Gouinlock,ngouinlockc0@google.co.jp,Male,,$9.80
434,Tiebout,Gibbie,tgibbiec1@guardian.co.uk,Male,,$26.27
435,Sheppard,Snaddin,ssnaddinc2@yolasite.com,Male,$31.22,
436,Abby,Salvage,asalvagec3@zimbio.com,Male,$57.46,
437,Goraud,Crevagh,gcrevaghc4@msu.edu,Male,$88.34,
438,Fidelio,Norman,fnormanc5@usatoday.com,Male,,$34.16
439,Curry,Litherland,clitherlandc6@ocn.ne.jp,Male,,$77.80
440,Rogerio,Dawks,rdawksc7@mashable.com,Male,,$35.51
441,Derek,Ouldred,douldredc8@booking.com,Male,,$42.88
442,Ingamar,McWilliam,imcwilliamc9@house.gov,Male,$89.41,
443,Doria,Upcraft,dupcraftca@goodreads.com,Female,$54.16,
444,Cindee,Dowry,cdowrycb@eepurl.com,Female,$70.39,
445,Konstantine,Dawks,kdawkscc@icq.com,Male,,$36.93
446,Chantal,Kalewe,ckalewecd@vkontakte.ru,Female,$49.05,
447,Orazio,Blas,oblasce@army.mil,Male,,$56.06
448,Gretal,Thayre,gthayrecf@vk.com,Female,$41.24,
449,Modestine,Keig,mkeigcg@yellowpages.com,Female,,$18.31
450,Ring,Amey,rameych@wp.com,Male,$11.56,
451,Umberto,Buckley,ubuckleyci@unc.edu,Male,,$43.82
452,Gabriellia,Thorneywork,gthorneyworkcj@sohu.com,Female,,$35.62
453,Brendon,Lambot,blambotck@google.it,Male,,$17.84
454,Judy,Scriver,jscrivercl@mit.edu,Female,,$39.25
455,Meghan,Aubrey,maubreycm@yellowpages.com,Female,,$92.09
456,Staffard,Estable,sestablecn@nationalgeographic.com,Male,,$38.56
457,Dulciana,Fetherstone,dfetherstoneco@technorati.com,Female,,$17.86
458,Geoffrey,Fellenor,gfellenorcp@indiegogo.com,Male,,$74.88
459,Ev,Rudram,erudramcq@phpbb.com,Male,$60.00,
460,Brandie,Toretta,btorettacr@youtube.com,Female,$52.17,
461,Kaia,Lampett,klampettcs@seesaa.net,Female,$48.61,
462,Gabi,Tatford,gtatfordct@google.de,Male,$39.55,
463,Merill,Drei,mdreicu@elegantthemes.com,Male,$52.04,
464,Patsy,Berndt,pberndtcv@newsvine.com,Male,$42.42,
465,Kris,Moreside,kmoresidecw@booking.com,Female,$72.19,
466,Zach,Tomeo,ztomeocx@eepurl.com,Male,$90.57,
467,Phillip,Armfirld,parmfirldcy@addthis.com,Male,,$10.30
468,Stirling,Pickavant,spickavantcz@wikispaces.com,Male,,$86.58
469,Richmond,Kille,rkilled0@sitemeter.com,Male,,$13.09
470,Fabio,Muck,fmuckd1@typepad.com,Male,,$55.92
471,Evita,Kilgour,ekilgourd2@google.com.br,Female,$95.48,
472,Magdalen,Clout,mcloutd3@artisteer.com,Female,,$14.05
473,Hubey,Stoeck,hstoeckd4@deviantart.com,Male,$34.00,
474,Gram,Shute,gshuted5@topsy.com,Male,,$87.48
475,Kerwinn,McCulloch,kmccullochd6@sciencedaily.com,Male,,$1.84
476,Elsey,Herrieven,eherrievend7@jugem.jp,Female,$5.53,
477,Steffie,Leason,sleasond8@weebly.com,Female,,$99.23
478,Andriette,Harfleet,aharfleetd9@alibaba.com,Female,$35.16,
479,Terri-jo,Adenet,tadenetda@virginia.edu,Female,$61.73,
480,Dona,Feaks,dfeaksdb@epa.gov,Female,,$72.30
481,Delila,Jerrand,djerranddc@mapquest.com,Female,,$71.85
482,Alisun,Jobbings,ajobbingsdd@shutterfly.com,Female,,$16.07
483,Lauree,Hugill,lhugillde@nba.com,Female,$56.18,
484,Sawyere,Felkin,sfelkindf@fc2.com,Male,,$18.31
485,Batholomew,Asbery,basberydg@dagondesign.com,Male,,$17.57
486,Inglis,Speenden,ispeendendh@wordpress.com,Male,,$97.27
487,Mommy,Hefford,mhefforddi@deviantart.com,Female,$18.96,
488,Victor,Leavold,vleavolddj@mediafire.com,Male,$31.31,
489,Ado,Mollen,amollendk@miitbeian.gov.cn,Male,,$91.60
490,Mirilla,Olivet,molivetdl@sciencedirect.com,Female,,$87.36
491,Warren,Peet,wpeetdm@businesswire.com,Male,,$69.67
492,Daile,Baguley,dbaguleydn@arizona.edu,Female,,$29.29
493,Andrus,Franca,afrancado@blogs.com,Male,,$51.34
494,Cletis,Wicklen,cwicklendp@ehow.com,Male,$9.46,
495,Martica,Foran,mforandq@howstuffworks.com,Female,$19.81,
496,Jeremy,Spreag,jspreagdr@usgs.gov,Male,,$60.32
497,Annnora,Glamart,aglamartds@hao123.com,Female,,$98.23
498,Kirbie,Pizer,kpizerdt@cbsnews.com,Female,$66.12,
499,Klemens,Canton,kcantondu@dropbox.com,Male,$89.43,
500,Padriac,Scampion,pscampiondv@state.gov,Male,,$71.95
501,Morey,Seedman,mseedmandw@utexas.edu,Male,,$19.48
502,Shannen,Mac,smacdx@bbc.co.uk,Female,,$47.67
503,Jarid,Goldby,jgoldbydy@shinystat.com,Male,,$47.00
504,Gail,Rowlatt,growlattdz@marriott.com,Male,,$27.45
505,Callean,Cervantes,ccervantese0@ihg.com,Male,$51.70,
506,Hilary,Perazzo,hperazzoe1@google.es,Male,,$96.47
507,Beverley,Valentin,bvalentine2@free.fr,Female,$91.56,
508,Vicky,Renault,vrenaulte3@ftc.gov,Female,$54.27,
509,Naoma,Pilley,npilleye4@edublogs.org,Female,,$45.70
510,Trudy,Walduck,twalducke5@state.tx.us,Female,,$8.82
511,Cross,O' Bee,cobeee6@jiathis.com,Male,,$57.66
512,Dasi,Hurcombe,dhurcombee7@4shared.com,Female,$92.46,
513,Jessica,Shower,jshowere8@edublogs.org,Female,$37.70,
514,Penny,Shillabear,pshillabeare9@weebly.com,Female,,$4.54
515,Latrina,Dockery,ldockeryea@fotki.com,Female,$69.28,
516,Hamilton,MacCrann,hmaccranneb@economist.com,Male,,$10.62
517,Hermie,Little,hlittleec@mapquest.com,Male,,$16.62
518,Clarissa,De Andisie,cdeandisieed@newyorker.com,Female,$59.35,
519,Monroe,Blackstock,mblackstockee@cornell.edu,Male,,$28.66
520,Paule,Avrashin,pavrashinef@shop-pro.jp,Female,,$4.92
521,Lorrayne,Tidball,ltidballeg@jimdo.com,Female,,$54.25
522,Cobby,Maypes,cmaypeseh@cbslocal.com,Male,$98.47,
523,Alexis,Axtell,aaxtellei@mit.edu,Female,,$15.23
524,Cecilio,Jessard,cjessardej@sina.com.cn,Male,$27.62,
525,Vern,O'Connor,voconnorek@acquirethisname.com,Male,,$25.43
526,Lowell,Coolahan,lcoolahanel@qq.com,Male,$93.35,
527,Farr,Pauler,fpaulerem@wordpress.org,Male,,$58.36
528,Susanna,Halbert,shalberten@netlog.com,Female,,$39.09
529,Kare,Jozef,kjozefeo@paginegialle.it,Female,$45.18,
530,Denver,Bascombe,dbascombeep@bandcamp.com,Male,,$76.64
531,Judith,Marie,jmarieeq@engadget.com,Female,,$97.80
532,Aili,Pietruszka,apietruszkaer@latimes.com,Female,$37.85,
533,Felice,Grichukhanov,fgrichukhanoves@unicef.org,Female,$63.58,
534,Norean,Birkmyre,nbirkmyreet@rakuten.co.jp,Female,$60.46,
535,Theadora,Joddins,tjoddinseu@ustream.tv,Female,$92.33,
536,Bertrando,Collelton,bcolleltonev@facebook.com,Male,$86.62,
537,Amalita,Errey,aerreyew@mac.com,Female,,$9.45
538,Rheta,Blockey,rblockeyex@technorati.com,Female,,$66.98
539,Cammie,Ainscough,cainscoughey@123-reg.co.uk,Female,,$98.19
540,Davina,Sirr,dsirrez@de.vu,Female,$41.42,
541,Smith,Mangham,smanghamf0@icio.us,Male,,$88.72
542,Ryon,Trippett,rtrippettf1@auda.org.au,Male,$50.96,
543,Stoddard,Tarbard,starbardf2@shutterfly.com,Female,,$56.47
544,Elianora,Shirrell,eshirrellf3@geocities.jp,Female,$79.52,
545,Elisha,Simioli,esimiolif4@webeden.co.uk,Female,$16.36,
546,Reed,Bramble,rbramblef5@com.com,Male,$53.65,
547,Abner,Ackers,aackersf6@state.tx.us,Male,$68.82,
548,Raimundo,Rentelll,rrentelllf7@mozilla.org,Male,$51.43,
549,Bart,Cremin,bcreminf8@ifeng.com,Male,,$50.19
550,Jeanie,Wholesworth,jwholesworthf9@macromedia.com,Female,,$77.07
551,Kally,Emberton,kembertonfa@fotki.com,Female,,$39.32
552,Albrecht,Ainley,aainleyfb@skype.com,Male,,$41.47
553,Ber,Ruperto,brupertofc@vimeo.com,Male,$56.87,
554,Hilde,Greedier,hgreedierfd@oracle.com,Female,,$71.66
555,Edward,Thebes,ethebesfe@webnode.com,Male,,$71.93
556,Loree,Leeb,lleebff@blogs.com,Female,$22.31,
557,Risa,Bullent,rbullentfg@phpbb.com,Female,,$35.16
558,Mano,Netley,mnetleyfh@sourceforge.net,Male,,$15.63
559,Haley,Geockle,hgeocklefi@gnu.org,Male,$1.42,
560,Cherise,Semour,csemourfj@yellowbook.com,Female,$20.00,
561,Otis,Crockatt,ocrockattfk@ihg.com,Male,,$59.00
562,Abey,Aston,aastonfl@about.com,Male,$4.26,
563,Lorain,Paulou,lpauloufm@google.pl,Female,,$58.64
564,Carlin,Bennallck,cbennallckfn@mapquest.com,Female,$68.01,
565,Sancho,Swindells,sswindellsfo@slideshare.net,Male,,$64.57
566,Hurleigh,Esseby,hessebyfp@ucoz.com,Male,,$43.61
567,Pavel,Dumingo,pdumingofq@google.fr,Male,$93.27,
568,Hunter,Windrass,hwindrassfr@people.com.cn,Male,$66.93,
569,Devan,Lanahan,dlanahanfs@4shared.com,Female,$82.83,
570,Jamima,Loughead,jlougheadft@feedburner.com,Female,$22.10,
571,Jervis,Ivanikov,jivanikovfu@bbc.co.uk,Male,,$84.08
572,Tobiah,Lakeland,tlakelandfv@businessinsider.com,Male,$43.60,
573,Melosa,Toone,mtoonefw@marketwatch.com,Female,,$61.34
574,Laney,Upsale,lupsalefx@reuters.com,Male,,$35.02
575,Osgood,Danzelman,odanzelmanfy@businessweek.com,Male,,$75.34
576,Barbey,Chmiel,bchmielfz@java.com,Female,$22.24,
577,Ford,Perigoe,fperigoeg0@businessinsider.com,Male,$21.90,
578,Alexine,Gwalter,agwalterg1@joomla.org,Female,$93.14,
579,Bidget,Hawtrey,bhawtreyg2@digg.com,Female,,$14.19
580,Ronna,Necolds,rnecoldsg3@tinypic.com,Female,$27.84,
581,Amos,Antonelli,aantonellig4@prnewswire.com,Male,,$48.20
582,Helga,Gaythor,hgaythorg5@dailymail.co.uk,Female,$19.85,
583,Nichol,Fleote,nfleoteg6@comcast.net,Female,,$52.08
584,Maryann,Bosdet,mbosdetg7@google.es,Female,,$61.45
585,Nikolos,Phizakarley,nphizakarleyg8@opera.com,Male,,$19.55
586,Kingsley,Casaletto,kcasalettog9@ustream.tv,Male,,$59.97
587,Kile,Grandisson,kgrandissonga@unblog.fr,Male,,$46.64
588,Renado,Stuck,rstuckgb@a8.net,Male,$53.35,
589,Rene,Vasser,rvassergc@symantec.com,Male,,$55.67
590,Eustacia,Filippello,efilippellogd@meetup.com,Female,,$63.33
591,Keane,O'Corr,kocorrge@dedecms.com,Male,,$76.20
592,Clarita,Pau,cpaugf@google.es,Female,$2.59,
593,Worthington,Doggett,wdoggettgg@ezinearticles.com,Male,,$52.56
594,Jodi,Darycott,jdarycottgh@cdc.gov,Male,,$38.83
595,Kora,Godding,kgoddinggi@upenn.edu,Female,$93.87,
596,Geri,Oxbrow,goxbrowgj@cbsnews.com,Male,$63.86,
597,Culley,Carling,ccarlinggk@cmu.edu,Male,$26.44,
598,Udell,Fidelus,ufidelusgl@sciencedaily.com,Male,,$39.33
599,Kenny,Lawn,klawngm@nyu.edu,Male,,$91.18
600,Cassie,Trinder,ctrindergn@cbslocal.com,Male,,$52.96
601,Cherise,Kingett,ckingettgo@constantcontact.com,Female,$36.86,
602,Karlik,Neilson,kneilsongp@thetimes.co.uk,Male,$5.97,
603,Lucien,Schwant,lschwantgq@surveymonkey.com,Male,$93.37,
604,Kinnie,Duncklee,kdunckleegr@fema.gov,Male,,$56.58
605,Archibald,Totaro,atotarogs@google.co.jp,Male,,$64.85
606,Hyacinth,Cogin,hcogingt@bbc.co.uk,Female,$57.24,
607,Shalne,Knee,skneegu@gizmodo.com,Female,$96.17,
608,Cullin,Abbotts,cabbottsgv@nih.gov,Male,$99.65,
609,Obadiah,Wormleighton,owormleightongw@wufoo.com,Male,$95.39,
610,Norbert,Wholesworth,nwholesworthgx@geocities.com,Male,,$89.49
611,August,Markey,amarkeygy@istockphoto.com,Male,$94.63,
612,Berkley,Hawkridge,bhawkridgegz@msu.edu,Male,,$49.52
613,Sigvard,McAneny,smcanenyh0@abc.net.au,Male,,$48.49
614,Bruno,Sneezem,bsneezemh1@amazon.de,Male,,$66.88
615,Branden,Firebrace,bfirebraceh2@constantcontact.com,Male,$61.95,
616,Eldredge,Graundisson,egraundissonh3@marriott.com,Male,,$59.98
617,Rick,Charette,rcharetteh4@theatlantic.com,Male,,$38.43
618,Powell,Garrettson,pgarrettsonh5@senate.gov,Male,,$49.52
619,Kirbee,O'Gaven,kogavenh6@freewebs.com,Female,,$50.57
620,Steward,Laban,slabanh7@exblog.jp,Male,,$74.20
621,Sharai,Letch,sletchh8@thetimes.co.uk,Female,$7.26,
622,Larry,Hasnney,lhasnneyh9@surveymonkey.com,Male,$8.44,
623,Winny,Stener,wstenerha@webmd.com,Male,$52.79,
624,Willa,Glison,wglisonhb@sina.com.cn,Female,,$66.79
625,Wilek,Shorey,wshoreyhc@si.edu,Male,,$28.08
626,Evaleen,Clewes,ecleweshd@theatlantic.com,Female,$59.22,
627,Boycie,McLagan,bmclaganhe@time.com,Male,$90.89,
628,Isabeau,Bottom,ibottomhf@phpbb.com,Female,,$75.51
629,Flossi,Goricke,fgorickehg@engadget.com,Female,$66.34,
630,Francisca,Luisetti,fluisettihh@bandcamp.com,Female,,$28.81
631,Terza,Blakeborough,tblakeboroughhi@github.io,Female,,$78.77
632,Genovera,Stribbling,gstribblinghj@bloglovin.com,Female,$94.08,
633,Greggory,Corston,gcorstonhk@si.edu,Male,,$95.01
634,Teddy,Peare,tpearehl@aol.com,Male,,$68.49
635,Hilton,Aloshikin,haloshikinhm@4shared.com,Male,,$8.15
636,Moselle,Cantwell,mcantwellhn@github.com,Female,$88.83,
637,Derek,Lavallin,dlavallinho@mapy.cz,Male,$82.05,
638,Kirbie,Bufton,kbuftonhp@geocities.com,Female,,$50.31
639,Hortensia,Rew,hrewhq@umich.edu,Female,,$4.20
640,Lizabeth,Haslehurst,lhaslehursthr@businessinsider.com,Female,$8.84,
641,Josefina,Jee,jjeehs@craigslist.org,Female,,$29.27
642,Marge,Racher,mracherht@alexa.com,Female,$61.26,
643,Mei,Behnecke,mbehneckehu@xinhuanet.com,Female,,$55.35
644,Brig,Bemand,bbemandhv@gizmodo.com,Male,,$12.25
645,Elinor,Legan,eleganhw@google.ru,Female,$94.36,
646,Selia,Givens,sgivenshx@marriott.com,Female,,$63.46
647,Jean,Dumbelton,jdumbeltonhy@nytimes.com,Female,$56.05,
648,Jeanette,Grinston,jgrinstonhz@narod.ru,Female,$2.52,
649,Brodie,Jakeman,bjakemani0@foxnews.com,Male,$8.61,
650,Wesley,Huby,whubyi1@g.co,Male,,$7.69
651,Dulcine,MacDearmont,dmacdearmonti2@yolasite.com,Female,,$75.79
652,Cobb,Beecraft,cbeecrafti3@archive.org,Male,,$44.64
653,Dall,Cato,dcatoi4@illinois.edu,Male,$91.32,
654,Dorette,Pettit,dpettiti5@hao123.com,Female,$85.71,
655,Melania,Matterdace,mmatterdacei6@angelfire.com,Female,,$76.52
656,Danya,Featherstonhalgh,dfeatherstonhalghi7@odnoklassniki.ru,Male,,$76.33
657,Brnaby,Stambridge,bstambridgei8@google.co.uk,Male,$89.83,
658,Farr,Gentile,fgentilei9@webs.com,Male,$93.90,
659,Astrix,Ravens,aravensia@qq.com,Female,,$19.43
660,Giraldo,Capener,gcapenerib@nasa.gov,Male,$25.61,
661,Collen,Weekley,cweekleyic@mediafire.com,Female,,$82.07
662,Hamish,Ditch,hditchid@java.com,Male,,$57.09
663,Roderigo,Hadigate,rhadigateie@jimdo.com,Male,$25.06,
664,Kellsie,Karus,kkarusif@accuweather.com,Female,$24.07,
665,Brigida,Howlings,bhowlingsig@wisc.edu,Female,$31.23,
666,Gayler,Tremblay,gtremblayih@hugedomains.com,Male,,$36.36
667,Dahlia,Jarnell,djarnellii@redcross.org,Female,$80.49,
668,Nichols,Holde,nholdeij@xing.com,Male,$93.80,
669,Jillane,Griffith,jgriffithik@walmart.com,Female,$41.29,
670,Margalo,Paddock,mpaddockil@github.io,Female,,$74.77
671,Halette,Lestrange,hlestrangeim@epa.gov,Female,,$9.74
672,Catherin,Lorek,clorekin@baidu.com,Female,,$75.18
673,Madlin,Esson,messonio@pbs.org,Female,,$58.21
674,Krista,Kief,kkiefip@sakura.ne.jp,Female,$71.30,
675,Justine,Meuse,jmeuseiq@pbs.org,Female,$3.95,
676,Maribeth,Gerty,mgertyir@ed.gov,Female,,$81.79
677,Damara,Asty,dastyis@chicagotribune.com,Female,,$45.19
678,Mei,Fullard,mfullardit@sourceforge.net,Female,$57.06,
679,Moshe,Swire,mswireiu@exblog.jp,Male,$13.55,
680,Corabelle,Ethelstone,cethelstoneiv@youtu.be,Female,,$17.68
681,Dehlia,Ayliff,dayliffiw@merriam-webster.com,Female,$17.58,
682,Conan,Almeida,calmeidaix@parallels.com,Male,$84.52,
683,Farlie,Headings,fheadingsiy@rediff.com,Male,,$74.45
684,Britta,Colum,bcolumiz@berkeley.edu,Female,,$23.23
685,Brendin,Sycamore,bsycamorej0@uol.com.br,Male,,$22.15
686,Swen,Vaan,svaanj1@aboutads.info,Male,,$15.31
687,Kingston,Dickenson,kdickensonj2@nifty.com,Male,$75.01,
688,Janeva,Cron,jcronj3@businessinsider.com,Female,,$50.04
689,Grenville,Leele,gleelej4@scribd.com,Male,$52.01,
690,Llywellyn,Outerbridge,louterbridgej5@ow.ly,Male,$12.88,
691,Anna,Wheildon,awheildonj6@mit.edu,Female,,$86.79
692,Redford,de Villier,rdevillierj7@discuz.net,Male,$12.26,
693,Fairfax,Younger,fyoungerj8@eepurl.com,Male,$92.12,
694,Cathryn,Macak,cmacakj9@bandcamp.com,Female,,$59.77
695,Arleyne,Antoinet,aantoinetja@craigslist.org,Female,$70.24,
696,Cathee,Jodkowski,cjodkowskijb@edublogs.org,Female,,$75.04
697,Jamima,Doyle,jdoylejc@cornell.edu,Female,,$90.12
698,Brander,Geely,bgeelyjd@mapy.cz,Male,$27.29,
699,Clarissa,Ferns,cfernsje@earthlink.net,Female,$4.98,
700,Ranice,Visco,rviscojf@home.pl,Female,,$79.06
701,Rudd,Wickins,rwickinsjg@devhub.com,Male,,$60.61
702,Delaney,Jarman,djarmanjh@intel.com,Male,$98.84,
703,Wayne,Caltera,wcalteraji@fc2.com,Male,,$30.05
704,Meryl,Bouskill,mbouskilljj@bluehost.com,Female,$51.37,
705,Emmit,Wrangle,ewranglejk@wikimedia.org,Male,$66.27,
706,Andre,Leathley,aleathleyjl@shop-pro.jp,Male,,$96.79
707,Merrie,Villa,mvillajm@mediafire.com,Female,$86.13,
708,Annora,Dunkley,adunkleyjn@geocities.jp,Female,,$45.11
709,Prisca,Robertucci,probertuccijo@instagram.com,Female,$44.93,
710,Leland,Rushmare,lrushmarejp@ft.com,Male,$79.87,
711,Wilden,Bastick,wbastickjq@soup.io,Male,,$53.80
712,Lyndel,Hause,lhausejr@ifeng.com,Female,$8.85,
713,Pepe,Milward,pmilwardjs@phpbb.com,Male,,$84.35
714,Thornie,Tison,ttisonjt@newsvine.com,Male,,$94.28
715,Kimmy,Tuison,ktuisonju@phpbb.com,Female,,$68.46
716,Margarethe,Woodvine,mwoodvinejv@redcross.org,Female,,$6.14
717,Hynda,Crossman,hcrossmanjw@pen.io,Female,,$93.89
718,Justen,Jikovsky,jjikovskyjx@weather.com,Male,,$36.57
719,Germayne,Boylan,gboylanjy@slideshare.net,Male,$86.82,
720,Torre,Braddock,tbraddockjz@stanford.edu,Male,$89.08,
721,Franciskus,Camplin,fcamplink0@ucla.edu,Male,$25.35,
722,Erminie,Gorrick,egorrickk1@usda.gov,Female,,$40.63
723,Mason,Gimblet,mgimbletk2@blogspot.com,Male,,$78.46
724,Florance,Pandey,fpandeyk3@cdc.gov,Female,$12.58,
725,Sky,Emmot,semmotk4@skyrock.com,Male,$88.64,
726,Elonore,Blenkiron,eblenkironk5@google.com.hk,Female,,$46.79
727,Micky,Hawney,mhawneyk6@163.com,Female,$89.13,
728,Marv,Nutbean,mnutbeank7@mlb.com,Male,$97.79,
729,Beau,Dinnington,bdinningtonk8@washington.edu,Male,,$83.18
730,Meredith,Morat,mmoratk9@indiegogo.com,Female,,$62.37
731,Millie,Elvy,melvyka@hugedomains.com,Female,,$44.48
732,Kristen,Pickworth,kpickworthkb@networksolutions.com,Female,$88.98,
733,Melva,Schroeder,mschroederkc@edublogs.org,Female,$23.67,
734,Madalena,Byart,mbyartkd@icio.us,Female,$93.14,
735,Sephira,Garretts,sgarrettske@biblegateway.com,Female,$96.15,
736,Morna,McCutheon,mmccutheonkf@miitbeian.gov.cn,Female,,$19.36
737,Silvain,Shakespear,sshakespearkg@aol.com,Male,$26.22,
738,Jorey,Kinleyside,jkinleysidekh@cbsnews.com,Female,,$24.78
739,Sayers,Brittain,sbrittainki@who.int,Male,$73.39,
740,Onfroi,Scrooby,oscroobykj@example.com,Male,,$61.58
741,Else,Bendin,ebendinkk@xinhuanet.com,Female,,$17.54
742,Barth,Pigeram,bpigeramkl@clickbank.net,Male,,$77.83
743,Elinor,Silcocks,esilcockskm@lulu.com,Female,$73.09,
744,Clara,Patroni,cpatronikn@mit.edu,Female,$85.77,
745,Jeniece,Schreiner,jschreinerko@scribd.com,Female,,$31.46
746,Kelley,Skillings,kskillingskp@rediff.com,Male,$17.76,
747,Myles,Grishukhin,mgrishukhinkq@marriott.com,Male,$59.06,
748,Ferne,Crowthe,fcrowthekr@un.org,Female,,$40.64
749,Langston,Batisse,lbatisseks@stumbleupon.com,Male,$41.25,
750,Eustacia,Roydon,eroydonkt@spiegel.de,Female,$7.66,
751,Berni,Faulks,bfaulksku@wordpress.org,Female,$25.32,
752,Vasily,Elders,velderskv@aboutads.info,Male,$21.08,
753,Collen,Mount,cmountkw@netscape.com,Female,$73.36,
754,Clementius,Baggalley,cbaggalleykx@ftc.gov,Male,$71.86,
755,Mala,McGunley,mmcgunleyky@buzzfeed.com,Female,$71.11,
756,Genevra,Whitley,gwhitleykz@posterous.com,Female,$9.67,
757,Goldy,Dobbs,gdobbsl0@stumbleupon.com,Female,$62.50,
758,Cristen,Seefus,cseefusl1@cargocollective.com,Female,$45.07,
759,Gram,Walewicz,gwalewiczl2@msu.edu,Male,$48.06,
760,Ardelle,Mellsop,amellsopl3@xinhuanet.com,Female,$46.39,
761,Jereme,Eakins,jeakinsl4@prlog.org,Male,,$77.86
762,Nevin,Turk,nturkl5@weebly.com,Male,,$24.23
763,Hank,Grewe,hgrewel6@1und1.de,Male,,$16.04
764,Vance,Bolley,vbolleyl7@barnesandnoble.com,Male,$98.83,
765,Ariel,Geaveny,ageavenyl8@tinyurl.com,Male,$47.74,
766,Melina,Juanico,mjuanicol9@adobe.com,Female,$44.92,
767,Scarface,Jellett,sjellettla@a8.net,Male,$38.85,
768,Germaine,Borkett,gborkettlb@scribd.com,Male,$74.13,
769,Engelbert,Weddeburn - Scrimgeour,eweddeburnscrimgeourlc@t.co,Male,,$8.93
770,Laetitia,Longhorne,llonghorneld@tripod.com,Female,$57.06,
771,Horatia,Clemmens,hclemmensle@geocities.com,Female,$56.58,
772,Eugine,Pietrusiak,epietrusiaklf@joomla.org,Female,,$52.50
773,Augustin,Iston,aistonlg@google.com.br,Male,$34.01,
774,Blakeley,Pourveer,bpourveerlh@phpbb.com,Female,$96.71,
775,Alaster,Doleman,adolemanli@shareasale.com,Male,,$52.86
776,Fred,Joreau,fjoreaulj@ebay.co.uk,Female,,$11.65
777,Elberta,Fell,efelllk@1688.com,Female,$3.12,
778,Bowie,Coldham,bcoldhamll@topsy.com,Male,$33.73,
779,Dacie,Greenley,dgreenleylm@psu.edu,Female,,$79.05
780,Chandra,Chugg,cchuggln@dagondesign.com,Female,$43.89,
781,Coletta,Gauvin,cgauvinlo@howstuffworks.com,Female,$20.71,
782,Waneta,Sealy,wsealylp@huffingtonpost.com,Female,$64.10,
783,Reiko,Maron,rmaronlq@fema.gov,Female,,$79.62
784,Uta,Capstake,ucapstakelr@amazonaws.com,Female,$72.13,
785,Jaime,Picford,jpicfordls@wunderground.com,Female,,$84.45
786,Bryn,Dinnis,bdinnislt@twitpic.com,Male,,$7.29
787,Holly-anne,Heckner,hhecknerlu@is.gd,Female,,$84.47
788,Sunny,Klus,skluslv@ted.com,Female,,$20.13
789,Gabe,Libbie,glibbielw@creativecommons.org,Male,$8.51,
790,Kerk,Rowthorne,krowthornelx@xinhuanet.com,Male,$50.53,
791,Mauricio,Petyanin,mpetyaninly@typepad.com,Male,,$61.73
792,Willi,Guiel,wguiellz@berkeley.edu,Female,,$79.18
793,Diane,Maps,dmapsm0@cbsnews.com,Female,$87.33,
794,Vivienne,Rudall,vrudallm1@ucoz.com,Female,$49.71,
795,Morton,Minette,mminettem2@yahoo.co.jp,Male,,$24.72
796,Annissa,Kildahl,akildahlm3@nature.com,Female,,$90.16
797,Elia,Gentile,egentilem4@foxnews.com,Male,$70.25,
798,Bram,Alsina,balsinam5@symantec.com,Male,,$93.00
799,Vinson,Muncer,vmuncerm6@cdbaby.com,Male,$89.78,
800,Dyane,Crowson,dcrowsonm7@slashdot.org,Female,$21.91,
801,Orlan,Stayte,ostaytem8@theatlantic.com,Male,$73.51,
802,Fredric,MacLese,fmaclesem9@hibu.com,Male,$7.06,
803,Pennie,Bandey,pbandeyma@bravesites.com,Female,$27.75,
804,Morgan,Devin,mdevinmb@canalblog.com,Male,$98.45,
805,Earl,Lamprey,elampreymc@purevolume.com,Male,,$49.98
806,Colver,Squibbes,csquibbesmd@angelfire.com,Male,,$50.14
807,Zondra,Sowrah,zsowrahme@addthis.com,Female,$55.77,
808,Mychal,Pendell,mpendellmf@furl.net,Male,$5.37,
809,Byron,Finker,bfinkermg@1und1.de,Male,,$90.95
810,Merwyn,Ruskin,mruskinmh@un.org,Male,$8.04,
811,Duky,Josham,djoshammi@csmonitor.com,Male,$96.64,
812,Angeline,Trevascus,atrevascusmj@php.net,Female,,$55.88
813,Norine,Petschelt,npetscheltmk@sitemeter.com,Female,$51.97,
814,Karyn,Geraghty,kgeraghtyml@weather.com,Female,,$12.64
815,Debora,Beeby,dbeebymm@google.com.hk,Female,,$44.09
816,Katie,Hyatt,khyattmn@google.nl,Female,,$35.50
817,Mort,Pilmoor,mpilmoormo@oakley.com,Male,$32.31,
818,Nicki,Ezele,nezelemp@engadget.com,Female,$37.24,
819,Jen,Othen,jothenmq@issuu.com,Female,$23.23,
820,Gan,Hurlestone,ghurlestonemr@ibm.com,Male,$56.11,
821,Analiese,Kharchinski,akharchinskims@bandcamp.com,Female,$0.95,
822,Papageno,Ferruzzi,pferruzzimt@sciencedirect.com,Male,$49.69,
823,Darda,Gask,dgaskmu@tamu.edu,Female,,$29.80
824,Raye,Tysack,rtysackmv@bigcartel.com,Female,$46.18,
825,Karim,Trusler,ktruslermw@phpbb.com,Male,,$80.81
826,Frieda,Masi,fmasimx@blog.com,Female,$16.61,
827,Harmony,Greenhalf,hgreenhalfmy@dell.com,Female,,$11.92
828,Farrell,Billyeald,fbillyealdmz@blogger.com,Male,,$21.25
829,Penn,Stollmeier,pstollmeiern0@mapy.cz,Male,$21.82,
830,Perkin,Rushmere,prushmeren1@amazon.co.uk,Male,,$87.72
831,Blakeley,Janusik,bjanusikn2@wikispaces.com,Female,,$38.94
832,Timothee,Brandacci,tbrandaccin3@wisc.edu,Male,,$50.37
833,Maurise,Bogges,mboggesn4@hubpages.com,Male,$31.53,
834,Anissa,Ettridge,aettridgen5@webs.com,Female,$34.99,
835,Augustin,Crevagh,acrevaghn6@chronoengine.com,Male,$13.19,
836,Adoree,Keyhoe,akeyhoen7@newsvine.com,Female,$41.97,
837,Tannie,Witham,twithamn8@istockphoto.com,Male,$58.88,
838,Eugine,Arrigo,earrigon9@buzzfeed.com,Female,$75.18,
839,Olimpia,Dickenson,odickensonna@wisc.edu,Female,,$80.89
840,Steffie,McNirlan,smcnirlannb@va.gov,Female,,$30.62
841,Sheryl,Garnham,sgarnhamnc@webs.com,Female,,$4.70
842,Immanuel,Bende,ibendend@slate.com,Male,$82.81,
843,Aharon,Huccaby,ahuccabyne@nih.gov,Male,$48.61,
844,Giralda,Neilly,gneillynf@bandcamp.com,Female,,$80.68
845,Elyse,Collie,ecollieng@altervista.org,Female,$31.00,
846,Tabina,Cornewell,tcornewellnh@mtv.com,Female,,$36.61
847,Diego,Milington,dmilingtonni@jugem.jp,Male,,$49.94
848,Polly,Tydd,ptyddnj@springer.com,Female,,$63.82
849,Kristal,Harrild,kharrildnk@globo.com,Female,$38.43,
850,Conny,Hegarty,chegartynl@imdb.com,Female,$82.59,
851,Tad,Prandy,tprandynm@archive.org,Male,,$25.71
852,Jarrid,Sabberton,jsabbertonnn@webs.com,Male,,$25.84
853,Cele,Secret,csecretno@wunderground.com,Female,,$12.82
854,Bale,Grahlman,bgrahlmannp@blinklist.com,Male,,$64.85
855,Lora,Goody,lgoodynq@purevolume.com,Female,$31.04,
856,Pippy,Banbrigge,pbanbriggenr@unicef.org,Female,,$66.94
857,Trever,Tafani,ttafanins@uol.com.br,Male,,$79.79
858,Aksel,Grinikhinov,agrinikhinovnt@barnesandnoble.com,Male,$18.66,
859,Fitz,Epp,feppnu@blogs.com,Male,,$85.17
860,Tiphany,Garside,tgarsidenv@studiopress.com,Female,$90.62,
861,Shea,Rottcher,srottchernw@merriam-webster.com,Female,,$48.39
862,Stefa,Tomalin,stomalinnx@arstechnica.com,Female,$58.58,
863,Maynard,Ferrario,mferrariony@engadget.com,Male,,$39.76
864,Marillin,Filtness,mfiltnessnz@biglobe.ne.jp,Female,,$41.81
865,Karee,Turland,kturlando0@ifeng.com,Female,,$40.35
866,Ilyssa,Itzig,iitzigo1@merriam-webster.com,Female,,$74.91
867,Giana,Judson,gjudsono2@weather.com,Female,$63.55,
868,Shurlocke,Nias,sniaso3@cbc.ca,Male,,$54.78
869,Georgy,Ferraraccio,gferraraccioo4@vk.com,Male,$24.58,
870,Evaleen,Bewicke,ebewickeo5@furl.net,Female,,$35.78
871,Thelma,Bartusek,tbartuseko6@cocolog-nifty.com,Female,,$34.89
872,Kristan,Minard,kminardo7@microsoft.com,Female,$19.27,
873,Aloysia,Backen,abackeno8@nymag.com,Female,$55.17,
874,Harp,MacInnes,hmacinneso9@home.pl,Male,$29.23,
875,Travis,Valek,tvalekoa@goodreads.com,Male,$70.18,
876,Vanda,McSorley,vmcsorleyob@reddit.com,Female,$48.18,
877,Jonie,Lenoir,jlenoiroc@telegraph.co.uk,Female,,$96.56
878,Alphonso,Pretswell,apretswellod@livejournal.com,Male,$4.83,
879,Tore,Laying,tlayingoe@deviantart.com,Male,,$63.30
880,Kassie,Glasard,kglasardof@fotki.com,Female,$49.38,
881,Judy,Iannini,jianniniog@latimes.com,Female,,$52.08
882,Tirrell,Audsley,taudsleyoh@narod.ru,Male,$42.94,
883,Lula,Tiuit,ltiuitoi@sogou.com,Female,$23.67,
884,Kelley,Tackley,ktackleyoj@ycombinator.com,Female,$2.96,
885,Heath,Deval,hdevalok@prweb.com,Male,$88.71,
886,Cal,Batterbee,cbatterbeeol@qq.com,Male,,$64.06
887,Courtenay,McNish,cmcnishom@networkadvertising.org,Female,,$61.53
888,Thatcher,Keeble,tkeebleon@shinystat.com,Male,$28.14,
889,Estrella,Gilburt,egilburtoo@berkeley.edu,Female,$11.61,
890,Chandler,Breinl,cbreinlop@last.fm,Male,,$3.43
891,Abbott,Driuzzi,adriuzzioq@ameblo.jp,Male,,$43.21
892,Olive,Gilhouley,ogilhouleyor@blog.com,Female,,$74.55
893,Egon,Carmont,ecarmontos@creativecommons.org,Male,,$62.40
894,Sampson,Brimham,sbrimhamot@abc.net.au,Male,,$73.11
895,Mallory,Durnall,mdurnallou@taobao.com,Male,,$55.46
896,Kellie,Crate,kcrateov@dagondesign.com,Female,,$48.55
897,Jocelyne,Thurbon,jthurbonow@google.nl,Female,$38.69,
898,Jens,Winn,jwinnox@1688.com,Male,$38.57,
899,Carlen,Verlinde,cverlindeoy@ehow.com,Female,$39.57,
900,Gram,Darinton,gdarintonoz@altervista.org,Male,$90.93,
901,Gianni,McKirdy,gmckirdyp0@ft.com,Male,$4.14,
902,Brig,Dalrymple,bdalrymplep1@flavors.me,Male,$17.44,
903,Saraann,Salterne,ssalternep2@latimes.com,Female,$65.30,
904,Marigold,Lotwich,mlotwichp3@marriott.com,Female,,$36.50
905,Ingar,Killingbeck,ikillingbeckp4@mashable.com,Male,$58.66,
906,Giulietta,O'Cassidy,gocassidyp5@samsung.com,Female,,$62.96
907,Maynord,Sulley,msulleyp6@berkeley.edu,Male,$38.38,
908,Clemmie,Kibbey,ckibbeyp7@alibaba.com,Male,,$50.86
909,Teodoro,Flavelle,tflavellep8@rambler.ru,Male,,$40.24
910,Everett,Sankey,esankeyp9@howstuffworks.com,Male,,$17.54
911,Flor,Lawlee,flawleepa@angelfire.com,Female,,$48.75
912,Edy,Jopp,ejopppb@about.com,Female,,$72.13
913,Renelle,Gilks,rgilkspc@princeton.edu,Female,$15.56,
914,Maxim,Dudmarsh,mdudmarshpd@theatlantic.com,Male,$25.61,
915,Mala,Thelwll,mthelwllpe@g.co,Female,,$4.44
916,Cord,Embleton,cembletonpf@google.fr,Male,$7.40,
917,Boycie,Leggs,bleggspg@earthlink.net,Male,$23.48,
918,Teri,Alexsandrov,talexsandrovph@prnewswire.com,Female,,$82.35
919,Alisa,Jacob,ajacobpi@psu.edu,Female,,$79.77
920,Randell,Maxted,rmaxtedpj@surveymonkey.com,Male,,$32.54
921,Nancy,Krelle,nkrellepk@china.com.cn,Female,$14.98,
922,Norene,Olligan,nolliganpl@vistaprint.com,Female,$62.21,
923,Corilla,Attride,cattridepm@cdc.gov,Female,$12.05,
924,Lolita,Vale,lvalepn@mtv.com,Female,,$22.47
925,Larisa,Reichelt,lreicheltpo@drupal.org,Female,$67.53,
926,Nessa,Stainton,nstaintonpp@mit.edu,Female,$22.39,
927,Earlie,Daubney,edaubneypq@wsj.com,Male,$22.07,
928,Penn,Rouff,prouffpr@bing.com,Male,,$31.97
929,Andriette,Udall,audallps@independent.co.uk,Female,$78.70,
930,Lea,Buey,lbueypt@walmart.com,Female,,$54.30
931,Rudolfo,Snibson,rsnibsonpu@blogs.com,Male,$31.76,
932,Karalynn,Giacoppo,kgiacoppopv@hubpages.com,Female,,$74.24
933,Darelle,Stubbings,dstubbingspw@cnbc.com,Female,,$63.68
934,Berti,Lockie,blockiepx@mapquest.com,Male,$14.10,
935,Madalyn,Sunnucks,msunnuckspy@wikispaces.com,Female,,$61.77
936,Lorrie,Sheldon,lsheldonpz@cmu.edu,Female,$93.58,
937,Abbot,Zimmermanns,azimmermannsq0@wikimedia.org,Male,$55.26,
938,Randal,Simonot,rsimonotq1@wufoo.com,Male,$86.16,
939,Bernadina,Lissandri,blissandriq2@webs.com,Female,,$96.75
940,Maurise,Petronis,mpetronisq3@statcounter.com,Male,,$98.03
941,Papagena,Crack,pcrackq4@upenn.edu,Female,,$47.64
942,Teri,Leverette,tleveretteq5@people.com.cn,Female,$5.09,
943,Tabitha,Pipping,tpippingq6@t.co,Female,,$10.24
944,Rebecca,Syder,rsyderq7@jimdo.com,Female,$21.02,
945,Shaine,Meininking,smeininkingq8@woothemes.com,Male,,$40.03
946,Mercedes,Sennett,msennettq9@msu.edu,Female,,$59.91
947,Darelle,Camamill,dcamamillqa@arstechnica.com,Female,$8.86,
948,Lisbeth,Mariner,lmarinerqb@live.com,Female,$77.73,
949,Henri,Rudinger,hrudingerqc@merriam-webster.com,Male,,$76.90
950,Mariska,Hoyes,mhoyesqd@instagram.com,Female,,$78.13
951,Sarine,Rounce,srounceqe@state.gov,Female,,$63.09
952,Pernell,Sutherland,psutherlandqf@unblog.fr,Male,$73.48,
953,Randy,Forcer,rforcerqg@addthis.com,Male,$67.47,
954,Maia,Grishelyov,mgrishelyovqh@cpanel.net,Female,,$84.19
955,Lil,Tzarkov,ltzarkovqi@epa.gov,Female,$35.22,
956,Christophorus,Bradnam,cbradnamqj@goo.gl,Male,,$17.97
957,Wye,Millions,wmillionsqk@dedecms.com,Male,$71.86,
958,Germain,Southwell,gsouthwellql@ca.gov,Male,,$47.78
959,Carr,Codner,ccodnerqm@yelp.com,Male,,$90.25
960,Brooks,Marlen,bmarlenqn@bravesites.com,Female,$60.52,
961,Saw,Dunderdale,sdunderdaleqo@senate.gov,Male,,$33.53
962,Osbourn,Fontelles,ofontellesqp@wikia.com,Male,,$80.63
963,Robb,Simnett,rsimnettqq@ibm.com,Male,,$30.66
964,Max,Gaule,mgauleqr@ovh.net,Male,$32.22,
965,Dieter,Forsythe,dforsytheqs@squidoo.com,Male,,$62.42
966,Chelsey,Boase,cboaseqt@photobucket.com,Female,,$70.91
967,Sosanna,Bernadot,sbernadotqu@fc2.com,Female,,$26.13
968,Obie,Gravells,ogravellsqv@timesonline.co.uk,Male,,$63.67
969,Mary,Ballance,mballanceqw@shutterfly.com,Female,,$24.00
970,Gus,Abethell,gabethellqx@fc2.com,Female,$60.44,
971,Garvey,Cockrem,gcockremqy@cam.ac.uk,Male,,$48.07
972,Salomon,Peirone,speironeqz@narod.ru,Male,,$31.58
973,Maria,Ropking,mropkingr0@wp.com,Female,$36.57,
974,Ynez,Syfax,ysyfaxr1@spotify.com,Female,$11.99,
975,Dore,Matonin,dmatoninr2@goo.ne.jp,Male,,$99.26
976,Olivero,Balma,obalmar3@posterous.com,Male,,$61.44
977,Penny,Jeaycock,pjeaycockr4@typepad.com,Female,$59.83,
978,Koren,Charlick,kcharlickr5@clickbank.net,Female,$42.98,
979,Bonita,Dunham,bdunhamr6@psu.edu,Female,$74.62,
980,Stanwood,Legon,slegonr7@google.co.jp,Male,,$18.33
981,Hervey,Ivkovic,hivkovicr8@huffingtonpost.com,Male,,$80.80
982,Marcellina,Feldstern,mfeldsternr9@networkadvertising.org,Female,,$70.27
983,Flory,Wheatley,fwheatleyra@ning.com,Female,$83.74,
984,Millie,Eloi,meloirb@1688.com,Female,,$42.63
985,Kermie,Shewry,kshewryrc@mediafire.com,Male,,$77.55
986,Susan,Maunton,smauntonrd@phpbb.com,Female,$13.05,
987,Edgar,Basden,ebasdenre@blogs.com,Male,,$0.03
988,Letizia,Vasile,lvasilerf@answers.com,Female,$67.18,
989,Gallard,Holborn,gholbornrg@squidoo.com,Male,,$81.42
990,Shalom,Eaklee,seakleerh@time.com,Male,$36.68,
991,Jonis,McNelly,jmcnellyri@ibm.com,Female,$13.48,
992,Naoma,Manueau,nmanueaurj@aboutads.info,Female,$94.75,
993,Avery,Koopman,akoopmanrk@twitter.com,Male,,$89.37
994,Cash,Faireclough,cfairecloughrl@addtoany.com,Male,,$91.07
995,Gardy,Jephcote,gjephcoterm@jugem.jp,Male,,$18.20
996,Warde,Streather,wstreatherrn@stumbleupon.com,Male,$51.39,
997,Friedrick,Goulstone,fgoulstonero@google.com.au,Male,,$60.85
998,Mandel,Scollick,mscollickrp@vk.com,Male,$64.12,
999,Marla,Eames,meamesrq@ocn.ne.jp,Female,,$96.66
1000,Rickard,Furtado,rfurtadorr@ft.com,Male,$89.12,