id,first_name,last_name,email,gender,credit,debit
1,Whitaker,Zimmermeister,wzimmermeister0@tamu.edu,Male,,$74.79 
2,Brose,Goathrop,bgoathrop1@mysql.com,Male,,$50.69 
3,Iosep,Fairlem,ifairlem2@cbslocal.com,Male,,$83.33 
4,Marjy,Pherps,mpherps3@arizona.edu,Female,,$74.15 
5,Haroun,Menpes,hmenpes4@vkontakte.ru,Male,,$20.64 
6,Duke,Rudolph,drudolph5@desdev.cn,Male,,$55.58 
7,Beck,Giffaut,bgiffaut6@e-recht24.de,Male,,$57.13 
8,Kip,Yancey,kyancey7@stumbleupon.com,Male,,$23.63 
9,Tully,Fearfull,tfearfull8@tumblr.com,Male,,$75.68 
10,Mercy,McGaugey,mmcgaugey9@naver.com,Female,,$71.01 
11,Llewellyn,Gargett,lgargetta@discuz.net,Male,,$59.91 
12,Gaven,Tice,gticeb@telegraph.co.uk,Male,,$61.12 
13,Kelbee,Wiseman,kwisemanc@ucoz.ru,Male,,$98.58 
14,Ed,Outram,eoutramd@simplemachines.org,Male,,$31.43 
15,Dorey,Madner,dmadnere@gizmodo.com,Male,,$75.30 
16,Sybilla,Farrall,sfarrallf@creativecommons.org,Female,,$76.96 
17,Marys,Blench,mblenchg@ft.com,Female,,$53.90 
18,Morgen,Whiles,mwhilesh@icq.com,Female,$584.28 ,
19,Adams,Twydell,atwydelli@jiathis.com,Male,,$36.02 
20,Josy,Farguhar,jfarguharj@irs.gov,Female,,$24.37 
21,Ellswerth,Gingle,eginglek@com.com,Male,,$11.96 
22,Emlynne,Pardie,epardiel@seattletimes.com,Female,,$15.98 
23,Wallie,Lippitt,wlippittm@nbcnews.com,Female,,$77.66 
24,Verla,Mougel,vmougeln@domainmarket.com,Female,,$9.35 
25,Fidelia,Cridland,fcridlando@ocn.ne.jp,Female,,$51.30 
26,Monti,Ivashkin,mivashkinp@telegraph.co.uk,Male,,$37.64 
27,Merl,Woolhouse,mwoolhouseq@goo.ne.jp,Female,,$19.17 
28,Darby,Ricardou,dricardour@gnu.org,Male,,$29.43 
29,Yorke,Lyngsted,ylyngsteds@creativecommons.org,Male,,$22.32 
30,Kristy,Heers,kheerst@washingtonpost.com,Female,$632.22 ,
31,Tore,Daunay,tdaunayu@imdb.com,Male,,$25.96 
32,Weider,Ranking,wrankingv@usa.gov,Male,,$44.46 
33,Freddie,Errol,ferrolw@lycos.com,Female,,$30.14 
34,Rollo,Songhurst,rsonghurstx@dailymail.co.uk,Male,,$63.98 
35,Tildy,Hardbattle,thardbattley@mail.ru,Female,,$70.05 
36,Tammara,Brittain,tbrittainz@senate.gov,Female,,$37.30 
37,Katee,Boorer,kboorer10@usatoday.com,Female,,$89.10 
38,Mellisent,Bodechon,mbodechon11@mozilla.org,Female,,$17.56 
39,Nanon,Conring,nconring12@mail.ru,Female,,$58.79 
40,Sandie,Sims,ssims13@technorati.com,Female,,$9.38 
41,Geneva,Bodocs,gbodocs14@pinterest.com,Female,,$43.63 
42,Vinnie,Lambin,vlambin15@wikia.com,Female,,$42.68 
43,Hunter,Ranscomb,hranscomb16@unblog.fr,Male,,$84.66 
44,Valida,Maude,vmaude17@who.int,Female,,$11.30 
45,Bancroft,Warnock,bwarnock18@netlog.com,Male,,$4.21 
46,Lark,Delamere,ldelamere19@apple.com,Female,,$44.36 
47,Jerome,Levings,jlevings1a@army.mil,Male,$21.58 ,
48,Rebekkah,MacNockater,rmacnockater1b@facebook.com,Female,,$16.10 
49,Alberik,Proom,aproom1c@mtv.com,Male,,$12.18 
50,Kareem,Rembrant,krembrant1d@cnbc.com,Male,,$57.20 
51,Sophia,Murrey,smurrey1e@wisc.edu,Female,,$46.79 
52,Ashbey,Haryngton,aharyngton1f@salon.com,Male,,$47.06 
53,Taylor,Forsey,tforsey1g@slashdot.org,Male,$61.05 ,
54,Tad,Leggott,tleggott1h@boston.com,Male,,$48.65 
55,Cheslie,Jouning,cjouning1i@omniture.com,Female,,$35.92 
56,Kettie,Mackney,kmackney1j@gravatar.com,Female,,$15.33 
57,Serge,Caple,scaple1k@rakuten.co.jp,Male,,$87.46 
58,Winny,Schulze,wschulze1l@wsj.com,Male,,$42.95 
59,Meryl,Camilli,mcamilli1m@nih.gov,Male,,$96.32 
60,Giffie,Clemenson,gclemenson1n@addtoany.com,Male,,$99.76 
61,Brigid,Randles,brandles1o@sitemeter.com,Female,,$86.00 
62,Andie,Deinert,adeinert1p@nba.com,Male,,$50.69 
63,Rodrigo,Peter,rpeter1q@furl.net,Male,,$76.95 
64,Zedekiah,Ferriday,zferriday1r@prlog.org,Male,,$30.95 
65,Edwina,Turle,eturle1s@arizona.edu,Female,,$8.79 
66,Hersh,Malimoe,hmalimoe1t@theguardian.com,Male,,$88.59 
67,Nelson,Blight,nblight1u@businessweek.com,Male,,$27.63 
68,Norry,Tummond,ntummond1v@newsvine.com,Male,,$24.06 
69,Winna,Beddall,wbeddall1w@1688.com,Female,,$69.45 
70,Ciel,Todd,ctodd1x@deviantart.com,Female,,$28.48 
71,Dalia,Nyssen,dnyssen1y@gmpg.org,Female,,$87.60 
72,Cordelie,Flintoffe,cflintoffe1z@myspace.com,Female,,$10.04 
73,Averell,Goldthorpe,agoldthorpe20@about.me,Male,,$1.31 
74,Mariel,Campbell-Dunlop,mcampbelldunlop21@myspace.com,Female,,$0.46 
75,Jorgan,Ubsdall,jubsdall22@dmoz.org,Male,,$37.85 
76,Engelbert,Tamas,etamas23@dagondesign.com,Male,,$54.02 
77,Thedric,Rosewall,trosewall24@so-net.ne.jp,Male,,$15.15 
78,Aretha,Pennings,apennings25@posterous.com,Female,,$52.54 
79,Irena,Korneluk,ikorneluk26@rakuten.co.jp,Female,,$14.34 
80,Colin,Windham,cwindham27@zdnet.com,Male,,$94.62 
81,Shepard,Bengtsen,sbengtsen28@cdc.gov,Male,,$22.36 
82,Royce,Horry,rhorry29@cpanel.net,Male,,$50.68 
83,Vivien,Turbard,vturbard2a@slideshare.net,Female,,$21.44 
84,Faber,Cottage,fcottage2b@t-online.de,Male,,$61.00 
85,Douglas,Grigoire,dgrigoire2c@sciencedaily.com,Male,,$48.89 
86,Reinaldo,Rees,rrees2d@4shared.com,Male,,$49.41 
87,Vi,Knapman,vknapman2e@nba.com,Female,,$80.23 
88,Toddy,Reville,treville2f@va.gov,Male,,$33.71 
89,Mikaela,Hanretty,mhanretty2g@comsenz.com,Female,,$84.61 
90,Remy,Asson,rasson2h@utexas.edu,Female,,$34.64 
91,Meta,Bellie,mbellie2i@msn.com,Female,,$56.91 
92,Milt,MacPaik,mmacpaik2j@amazon.co.uk,Male,,$17.35 
93,Chadd,Ivatt,civatt2k@biblegateway.com,Male,,$46.12 
94,Yvor,Monks,ymonks2l@wikimedia.org,Male,,$58.49 
95,Cointon,O'Cuddie,cocuddie2m@bloomberg.com,Male,$901.51 ,
96,Bentley,Gracewood,bgracewood2n@paypal.com,Male,,$95.97 
97,Maryjane,Lago,mlago2o@over-blog.com,Female,,$11.17 
98,Krystle,Gregoletti,kgregoletti2p@issuu.com,Female,,$80.84 
99,Jayme,Drewson,jdrewson2q@live.com,Male,,$15.12 
100,Aliza,Firman,afirman2r@nyu.edu,Female,,$26.14 
101,Glynis,Blackmuir,gblackmuir2s@netscape.com,Female,,$2.59 
102,Ellis,Maun,emaun2t@usnews.com,Male,$852.58 ,
103,Paloma,Hollerin,phollerin2u@fotki.com,Female,,$45.05 
104,Stormy,Harsent,sharsent2v@blogs.com,Female,,$1.78 
105,Timmie,Scougal,tscougal2w@ask.com,Female,,$69.43 
106,Rhea,Jiri,rjiri2x@cbsnews.com,Female,,$95.28 
107,Halli,Sharland,hsharland2y@dot.gov,Female,,$82.34 
108,Fancie,Labrenz,flabrenz2z@earthlink.net,Female,,$25.66 
109,Karon,Snugg,ksnugg30@go.com,Female,,$80.81 
110,Rafaellle,Levins,rlevins31@sakura.ne.jp,Male,,$71.16 
111,Kylen,Durie,kdurie32@virginia.edu,Female,,$19.64 
112,Betteann,Loker,bloker33@hibu.com,Female,,$66.44 
113,Kizzee,Cripwell,kcripwell34@pen.io,Female,,$44.27 
114,Roz,McMichell,rmcmichell35@amazon.com,Female,,$59.80 
115,Venus,Ingilson,vingilson36@com.com,Female,,$47.12 
116,Bunny,Fosse,bfosse37@typepad.com,Female,,$25.70 
117,Bessie,Greenman,bgreenman38@macromedia.com,Female,,$53.55 
118,Jeannine,Raddish,jraddish39@weebly.com,Female,,$89.17 
119,Silvio,Neve,sneve3a@discuz.net,Male,,$69.24 
120,Nat,Trusler,ntrusler3b@wisc.edu,Male,,$26.89 
121,Brigg,Rearie,brearie3c@blinklist.com,Male,,$85.04 
122,Delmar,Boncore,dboncore3d@reference.com,Male,,$19.37 
123,Roscoe,Beazey,rbeazey3e@mail.ru,Male,,$29.38 
124,Sib,MacCostye,smaccostye3f@squidoo.com,Female,,$24.07 
125,Tessi,Cardoe,tcardoe3g@google.co.uk,Female,,$19.73 
126,Gradeigh,Trevna,gtrevna3h@marketwatch.com,Male,,$56.79 
127,Sheena,Reddington,sreddington3i@shareasale.com,Female,,$65.60 
128,Thane,Ovill,tovill3j@cnbc.com,Male,,$48.98 
129,Joyce,Spatarul,jspatarul3k@hubpages.com,Female,,$92.93 
130,Marsh,Enders,menders3l@arstechnica.com,Male,,$29.17 
131,Redd,Halesworth,rhalesworth3m@artisteer.com,Male,,$78.34 
132,Geordie,Muro,gmuro3n@google.de,Male,,$73.35 
133,Clarence,Prestidge,cprestidge3o@amazonaws.com,Male,,$98.39 
134,Cassie,Bugg,cbugg3p@google.co.uk,Male,,$78.73 
135,Marvin,Thecham,mthecham3q@weather.com,Male,,$7.65 
136,Jakob,Romeuf,jromeuf3r@example.com,Male,,$11.74 
137,Morris,Glendining,mglendining3s@mail.ru,Male,,$72.25 
138,Janela,Bonnette,jbonnette3t@51.la,Female,,$94.81 
139,Northrup,Bennitt,nbennitt3u@independent.co.uk,Male,,$77.63 
140,Kacey,Grelak,kgrelak3v@rediff.com,Female,,$10.42 
141,Addia,Downage,adownage3w@deliciousdays.com,Female,,$87.31 
142,Corbett,McKenny,cmckenny3x@yellowbook.com,Male,,$74.33 
143,Hobart,Temlett,htemlett3y@infoseek.co.jp,Male,,$80.96 
144,Sukey,Troni,stroni3z@4shared.com,Female,,$35.42 
145,Birgitta,Demeter,bdemeter40@artisteer.com,Female,,$2.59 
146,Christina,Stidson,cstidson41@cmu.edu,Female,,$22.92 
147,Happy,Beaudry,hbeaudry42@artisteer.com,Female,,$76.76 
148,Loreen,Eatttok,leatttok43@wikimedia.org,Female,,$14.68 
149,Lindy,Dredge,ldredge44@meetup.com,Male,,$48.20 
150,Bennett,Beedle,bbeedle45@ox.ac.uk,Male,,$66.77 
151,Maria,Hullbrook,mhullbrook46@drupal.org,Female,,$96.24 
152,Virge,Caddell,vcaddell47@tinyurl.com,Male,,$9.84 
153,Pammi,Lanceter,planceter48@wiley.com,Female,,$13.70 
154,Sigismond,Schutze,sschutze49@arstechnica.com,Male,,$51.18 
155,Melly,Hymus,mhymus4a@webnode.com,Female,,$74.75 
156,Standford,Dubose,sdubose4b@123-reg.co.uk,Male,,$97.06 
157,Maryanna,Alvarado,malvarado4c@gnu.org,Female,,$18.73 
158,Reagan,Cawthery,rcawthery4d@tinyurl.com,Male,,$75.64 
159,Hedvige,Constantine,hconstantine4e@mozilla.org,Female,,$67.21 
160,Palm,Malsher,pmalsher4f@wix.com,Male,,$76.30 
161,Luis,Beglin,lbeglin4g@cnn.com,Male,,$65.99 
162,Alexi,Deadman,adeadman4h@accuweather.com,Female,,$32.68 
163,Manolo,Chaloner,mchaloner4i@pagesperso-orange.fr,Male,,$87.53 
164,Elsworth,Minter,eminter4j@prweb.com,Male,$377.90 ,
165,Rana,Mathewson,rmathewson4k@bigcartel.com,Female,,$1.97 
166,Elbertina,McCrachen,emccrachen4l@alibaba.com,Female,,$27.50 
167,Giacobo,Ragate,gragate4m@usatoday.com,Male,,$63.71 
168,Wendall,Pexton,wpexton4n@senate.gov,Male,,$85.66 
169,Jean,McSperron,jmcsperron4o@slideshare.net,Female,,$86.68 
170,Dusty,Wetton,dwetton4p@google.pl,Female,,$94.85 
171,Wheeler,Abrahm,wabrahm4q@flavors.me,Male,,$18.41 
172,Nikoletta,Kubasek,nkubasek4r@g.co,Female,,$23.86 
173,Audie,Twigger,atwigger4s@quantcast.com,Female,,$31.83 
174,Arlyn,Hayne,ahayne4t@last.fm,Female,,$34.74 
175,Filippo,Truran,ftruran4u@gmpg.org,Male,,$1.59 
176,Baily,Gravells,bgravells4v@nydailynews.com,Male,$82.43 ,
177,Berry,Shepton,bshepton4w@yelp.com,Female,,$4.77 
178,Malia,Buney,mbuney4x@histats.com,Female,,$49.77 
179,Bernadine,Siward,bsiward4y@comcast.net,Female,,$54.74 
180,Anderea,Dran,adran4z@japanpost.jp,Female,,$71.18 
181,Annadiane,McVie,amcvie50@nyu.edu,Female,,$94.04 
182,Tracey,Shenfisch,tshenfisch51@umn.edu,Male,,$85.04 
183,Lee,Sampson,lsampson52@usnews.com,Female,$424.30 ,
184,Marsiella,Nix,mnix53@google.de,Female,,$83.10 
185,Gaby,Bramstom,gbramstom54@bandcamp.com,Female,,$77.40 
186,Drake,Fernandes,dfernandes55@ameblo.jp,Male,,$78.71 
187,Hyacinth,Dashwood,hdashwood56@techcrunch.com,Female,,$13.63 
188,Rudie,Rosenfield,rrosenfield57@walmart.com,Male,,$60.23 
189,Lind,Braban,lbraban58@google.com,Male,,$42.42 
190,Drud,Bocking,dbocking59@furl.net,Male,,$36.08 
191,Hyacinthia,Peterken,hpeterken5a@un.org,Female,,$35.23 
192,Aharon,Vettore,avettore5b@archive.org,Male,,$89.41 
193,Leland,Scandrett,lscandrett5c@dmoz.org,Male,,$28.43 
194,Parker,Macrae,pmacrae5d@nymag.com,Male,,$25.89 
195,Kelsi,Tottle,ktottle5e@artisteer.com,Female,,$45.27 
196,Kain,Hallen,khallen5f@ucsd.edu,Male,,$33.66 
197,Bob,Raymond,braymond5g@goodreads.com,Male,$733.00 ,
198,Emyle,Akaster,eakaster5h@illinois.edu,Female,,$74.12 
199,Odelia,Suddell,osuddell5i@creativecommons.org,Female,,$52.91 
200,Kellby,Faragher,kfaragher5j@google.co.uk,Male,,$80.63 
201,Valerye,Smallthwaite,vsmallthwaite5k@plala.or.jp,Female,,$39.21 
202,Gerrie,Densumbe,gdensumbe5l@thetimes.co.uk,Female,,$94.00 
203,Tito,Tierney,ttierney5m@seattletimes.com,Male,,$81.45 
204,Lorens,Guilaem,lguilaem5n@marriott.com,Male,,$64.94 
205,Arman,Giottoi,agiottoi5o@indiatimes.com,Male,,$50.42 
206,Claudius,Lasham,clasham5p@unblog.fr,Male,,$10.25 
207,Delly,Crees,dcrees5q@harvard.edu,Female,,$19.83 
208,Marcello,Sallows,msallows5r@rakuten.co.jp,Male,,$48.79 
209,Michele,Wilbore,mwilbore5s@biglobe.ne.jp,Male,,$70.41 
210,Emmanuel,Goldsbrough,egoldsbrough5t@answers.com,Male,,$15.72 
211,Slade,Tingcomb,stingcomb5u@mozilla.org,Male,,$39.54 
212,Whit,Donne,wdonne5v@aboutads.info,Male,,$99.22 
213,Thaine,Nelson,tnelson5w@hatena.ne.jp,Male,,$18.60 
214,Heather,Kadd,hkadd5x@npr.org,Female,,$96.70 
215,Gayelord,Hollingby,ghollingby5y@mlb.com,Male,,$98.41 
216,Mohandas,Dunstone,mdunstone5z@chronoengine.com,Male,,$69.66 
217,Fulvia,Lafont,flafont60@smh.com.au,Female,,$45.79 
218,Ardis,Hebron,ahebron61@mediafire.com,Female,,$1.53 
219,Bryanty,Gregoretti,bgregoretti62@360.cn,Male,,$85.23 
220,Dayle,Bruniges,dbruniges63@t.co,Female,,$26.10 
221,Devy,Seif,dseif64@ftc.gov,Male,,$15.03 
222,Bradan,Franzelini,bfranzelini65@51.la,Male,,$6.15 
223,Nestor,Lies,nlies66@forbes.com,Male,,$71.85 
224,Basilius,Lamberteschi,blamberteschi67@buzzfeed.com,Male,,$18.35 
225,Hamlen,Rebillard,hrebillard68@cafepress.com,Male,,$70.78 
226,Olivero,Gaitley,ogaitley69@paginegialle.it,Male,,$49.37 
227,Vin,Cristofanini,vcristofanini6a@patch.com,Female,,$44.28 
228,Gannie,Mouse,gmouse6b@latimes.com,Male,,$70.04 
229,Karlee,Harwell,kharwell6c@seattletimes.com,Female,,$24.64 
230,Penn,Cable,pcable6d@webeden.co.uk,Male,,$48.79 
231,Aubrey,Garmston,agarmston6e@senate.gov,Male,,$5.62 
232,Marcellina,Chartres,mchartres6f@prweb.com,Female,,$51.79 
233,Leelah,Inman,linman6g@t.co,Female,,$75.69 
234,Ellie,Norewood,enorewood6h@wikia.com,Female,,$84.53 
235,Cornell,Abramowsky,cabramowsky6i@typepad.com,Male,,$42.23 
236,Cassaundra,Crowne,ccrowne6j@scribd.com,Female,,$46.97 
237,Patricio,Bolderstone,pbolderstone6k@imgur.com,Male,,$29.09 
238,Carissa,Munslow,cmunslow6l@linkedin.com,Female,,$15.41 
239,Simon,Kenan,skenan6m@vkontakte.ru,Male,,$84.89 
240,Janina,Gaither,jgaither6n@cnn.com,Female,,$39.73 
241,Celeste,Sheringham,csheringham6o@twitter.com,Female,,$17.32 
242,Jesse,Ilyin,jilyin6p@nsw.gov.au,Male,,$59.77 
243,Lin,Sallows,lsallows6q@thetimes.co.uk,Male,$174.80 ,
244,Katuscha,Deveril,kdeveril6r@sbwire.com,Female,,$33.32 
245,Laurette,Archdeckne,larchdeckne6s@who.int,Female,,$14.14 
246,Sean,Devo,sdevo6t@illinois.edu,Female,,$68.83 
247,Bendicty,Coneybeare,bconeybeare6u@marriott.com,Male,,$58.26 
248,Zelda,Witz,zwitz6v@toplist.cz,Female,,$22.24 
249,Bail,Trundle,btrundle6w@comcast.net,Male,,$92.01 
250,Valeria,Laurie,vlaurie6x@chicagotribune.com,Female,,$59.71 
251,Francene,Cullington,fcullington6y@nbcnews.com,Female,,$93.29 
252,Eleanore,Lengthorn,elengthorn6z@si.edu,Female,,$65.14 
253,Dacy,Wallicker,dwallicker70@dot.gov,Female,,$84.18 
254,Kalle,Enrietto,kenrietto71@hhs.gov,Male,$88.46 ,
255,Gillie,D'eye,gdeye72@ftc.gov,Female,,$61.59 
256,Lester,Molan,lmolan73@scribd.com,Male,,$97.38 
257,Matilde,Isack,misack74@comcast.net,Female,,$43.45 
258,Esra,Freke,efreke75@goo.ne.jp,Male,,$10.72 
259,Gilemette,Hynson,ghynson76@bbb.org,Female,,$90.24 
260,Randie,Harry,rharry77@instagram.com,Male,,$33.06 
261,Kimmy,Slee,kslee78@stumbleupon.com,Female,,$85.68 
262,Redford,Pennino,rpennino79@msu.edu,Male,,$67.17 
263,Jaymie,Sibbons,jsibbons7a@unblog.fr,Male,,$7.52 
264,Harli,Slym,hslym7b@usatoday.com,Female,,$21.40 
265,Sherwood,Twitchett,stwitchett7c@php.net,Male,,$18.06 
266,Colline,Adshede,cadshede7d@nationalgeographic.com,Female,,$66.41 
267,Giavani,Smead,gsmead7e@va.gov,Male,,$91.81 
268,Loella,Shambroke,lshambroke7f@google.com,Female,,$92.28 
269,Mignonne,Weinberg,mweinberg7g@aol.com,Female,,$35.30 
270,Veradis,Coxhead,vcoxhead7h@jimdo.com,Female,,$30.86 
271,Ingelbert,Imlach,iimlach7i@spotify.com,Male,,$1.84 
272,Ian,Matthewson,imatthewson7j@e-recht24.de,Male,,$77.20 
273,Casey,Nicolson,cnicolson7k@moonfruit.com,Male,,$1.26 
274,Freddy,Shillom,fshillom7l@sogou.com,Male,,$58.52 
275,Caldwell,Oldham,coldham7m@nydailynews.com,Male,,$70.99 
276,Wait,Mattiazzo,wmattiazzo7n@scribd.com,Male,,$7.71 
277,Bernhard,Grimm,bgrimm7o@tamu.edu,Male,,$80.30 
278,Edithe,Budleigh,ebudleigh7p@tumblr.com,Female,,$73.68 
279,Elinore,Schrieves,eschrieves7q@dailymail.co.uk,Female,,$74.28 
280,Kenny,Bolzen,kbolzen7r@github.com,Male,,$88.90 
281,Kristel,Misson,kmisson7s@nbcnews.com,Female,,$12.80 
282,Mellicent,Passion,mpassion7t@blog.com,Female,,$81.87 
283,Alyssa,Ducrow,aducrow7u@cpanel.net,Female,,$99.45 
284,Avrit,Bromidge,abromidge7v@wunderground.com,Female,,$23.99 
285,Aksel,Galbreth,agalbreth7w@springer.com,Male,,$78.31 
286,Iosep,Grieveson,igrieveson7x@vkontakte.ru,Male,,$90.68 
287,Cynthia,O'Tuohy,cotuohy7y@diigo.com,Female,,$10.35 
288,Pernell,Domanski,pdomanski7z@is.gd,Male,,$15.67 
289,Othella,Gellan,ogellan80@sfgate.com,Female,,$60.58 
290,Frasquito,Westney,fwestney81@quantcast.com,Male,,$87.20 
291,Gwyneth,Spillman,gspillman82@xing.com,Female,,$49.08 
292,Cordy,Boutellier,cboutellier83@whitehouse.gov,Male,,$19.76 
293,Gweneth,Conley,gconley84@ucsd.edu,Female,,$14.05 
294,Evangelina,Oxteby,eoxteby85@cbslocal.com,Female,,$12.19 
295,Kala,Foucar,kfoucar86@comsenz.com,Female,,$89.99 
296,Virgina,Corn,vcorn87@acquirethisname.com,Female,,$88.31 
297,Lindon,Treswell,ltreswell88@1und1.de,Male,,$17.50 
298,Wendye,Jerok,wjerok89@51.la,Female,,$46.08 
299,Mariya,Halligan,mhalligan8a@live.com,Female,,$83.64 
300,Helaine,Royl,hroyl8b@ucsd.edu,Female,,$53.58 
301,Gui,Sunnucks,gsunnucks8c@cocolog-nifty.com,Female,,$29.16 
302,Paquito,Scalera,pscalera8d@narod.ru,Male,,$92.37 
303,Morey,Gothup,mgothup8e@topsy.com,Male,,$58.72 
304,Wandis,Saltsberg,wsaltsberg8f@google.ca,Female,,$9.55 
305,Rolf,Burchnall,rburchnall8g@hp.com,Male,,$88.59 
306,Mahmoud,Hillhouse,mhillhouse8h@theatlantic.com,Male,,$92.98 
307,Ortensia,Syphus,osyphus8i@pcworld.com,Female,,$50.15 
308,Baird,Rigby,brigby8j@sphinn.com,Male,,$59.37 
309,Roddie,Skoggings,rskoggings8k@army.mil,Male,,$18.25 
310,Waverly,Mohamed,wmohamed8l@google.co.uk,Male,,$47.48 
311,Henka,Dimitriev,hdimitriev8m@php.net,Female,,$85.13 
312,Noella,Fawthrop,nfawthrop8n@cdbaby.com,Female,,$36.14 
313,Pascale,Artz,partz8o@un.org,Male,,$53.35 
314,Carolynn,Swain,cswain8p@dmoz.org,Female,$961.94 ,
315,Darleen,Iacoviello,diacoviello8q@pagesperso-orange.fr,Female,,$64.66 
316,Izaak,Scheffel,ischeffel8r@adobe.com,Male,,$21.47 
317,Preston,MacSwayde,pmacswayde8s@miibeian.gov.cn,Male,,$26.29 
318,Freemon,Bearham,fbearham8t@xrea.com,Male,,$14.73 
319,Luciano,Greenaway,lgreenaway8u@typepad.com,Male,,$41.81 
320,Trudie,Poge,tpoge8v@wp.com,Female,,$35.06 
321,Megan,Hodgon,mhodgon8w@reuters.com,Female,,$27.73 
322,Jewelle,Elkington,jelkington8x@unc.edu,Female,$641.02 ,
323,Ester,Pingston,epingston8y@buzzfeed.com,Female,,$15.41 
324,Donaugh,Everill,deverill8z@microsoft.com,Male,,$93.60 
325,Micaela,Goulborne,mgoulborne90@nyu.edu,Female,,$7.82 
326,Camellia,McQuilty,cmcquilty91@uiuc.edu,Female,,$86.85 
327,Carmon,Carlyon,ccarlyon92@usa.gov,Female,,$75.60 
328,Lorin,Atley,latley93@g.co,Male,,$37.55 
329,Durand,Pinnigar,dpinnigar94@github.io,Male,,$1.62 
330,Fanchette,Proback,fproback95@addthis.com,Female,,$72.77 
331,Dottie,Duchasteau,dduchasteau96@yale.edu,Female,,$98.94 
332,Denys,Nerval,dnerval97@uiuc.edu,Male,,$71.83 
333,Carmina,Wilne,cwilne98@phpbb.com,Female,,$95.02 
334,Philomena,Selvey,pselvey99@tamu.edu,Female,,$54.53 
335,Quinton,Lachaize,qlachaize9a@home.pl,Male,,$71.57 
336,Gwen,Wilstead,gwilstead9b@oaic.gov.au,Female,,$26.29 
337,Adah,Mc Dermid,amcdermid9c@comcast.net,Female,$317.70 ,
338,Rochette,Thunder,rthunder9d@mashable.com,Female,,$59.69 
339,Marin,Brass,mbrass9e@ehow.com,Female,,$21.43 
340,Nikaniki,Torbard,ntorbard9f@foxnews.com,Female,,$56.75 
341,Raffarty,Battram,rbattram9g@reddit.com,Male,,$37.71 
342,Janetta,Sandeson,jsandeson9h@wordpress.com,Female,,$50.98 
343,Isidore,Brownsill,ibrownsill9i@meetup.com,Male,,$36.85 
344,Josi,Mc Carrick,jmccarrick9j@ycombinator.com,Female,,$13.16 
345,Anatol,Dresser,adresser9k@utexas.edu,Male,,$5.39 
346,Reginald,Goodricke,rgoodricke9l@aboutads.info,Male,,$88.79 
347,Marita,Everson,meverson9m@eepurl.com,Female,$511.36 ,
348,Lew,Godden,lgodden9n@youtube.com,Male,,$96.38 
349,Edythe,Pilpovic,epilpovic9o@ning.com,Female,,$29.55 
350,Melodee,Steele,msteele9p@list-manage.com,Female,,$10.59 
351,Winnifred,Cockson,wcockson9q@slashdot.org,Female,,$74.48 
352,Free,Reece,freece9r@illinois.edu,Male,,$10.64 
353,Linnell,Stein,lstein9s@xing.com,Female,,$95.24 
354,Rosa,Bompas,rbompas9t@ebay.co.uk,Female,,$55.64 
355,Holden,Camerana,hcamerana9u@usa.gov,Male,,$68.48 
356,Amaleta,Jockle,ajockle9v@angelfire.com,Female,,$50.75 
357,Ravid,Dincey,rdincey9w@cnbc.com,Male,,$61.24 
358,Wood,Loghan,wloghan9x@xinhuanet.com,Male,,$36.38 
359,Corney,Critten,ccritten9y@reddit.com,Male,,$30.76 
360,Jarrid,Sich,jsich9z@paypal.com,Male,,$59.53 
361,Kerrie,Housbey,khousbeya0@census.gov,Female,,$42.92 
362,Joelle,Hickin,jhickina1@uiuc.edu,Female,,$16.50 
363,Garrik,Tott,gtotta2@mtv.com,Male,,$21.15 
364,Twyla,Toppin,ttoppina3@utexas.edu,Female,,$17.16 
365,Kellen,Skeel,kskeela4@diigo.com,Male,,$14.27 
366,Bart,Pinar,bpinara5@spiegel.de,Male,$448.81 ,
367,Alix,Casacchia,acasacchiaa6@skype.com,Male,,$67.76 
368,Sondra,Anger,sangera7@noaa.gov,Female,,$8.40 
369,Lacee,Checo,lchecoa8@rakuten.co.jp,Female,,$18.51 
370,Onofredo,Carrol,ocarrola9@senate.gov,Male,,$99.81 
371,Vassili,Cashford,vcashfordaa@photobucket.com,Male,,$60.04 
372,Nance,Mander,nmanderab@devhub.com,Female,,$4.25 
373,Rolf,Francom,rfrancomac@de.vu,Male,,$32.32 
374,Trevor,Heibel,theibelad@webs.com,Male,,$50.03 
375,Sabine,Vallens,svallensae@rakuten.co.jp,Female,,$18.39 
376,Katrina,Reely,kreelyaf@unblog.fr,Female,,$81.58 
377,Ranique,Queste,rquesteag@cornell.edu,Female,,$79.87 
378,Sibel,Dumberrill,sdumberrillah@cnbc.com,Female,,$29.99 
379,Alyosha,Saltrese,asaltreseai@sciencedirect.com,Male,,$13.60 
380,Albie,Taft,ataftaj@cyberchimps.com,Male,$884.80 ,
381,Beau,Newdick,bnewdickak@jugem.jp,Male,,$97.29 
382,Peter,Blyde,pblydeal@archive.org,Male,,$22.43 
383,Laraine,Timmons,ltimmonsam@google.com.br,Female,,$13.76 
384,Murial,Morais,mmoraisan@dedecms.com,Female,,$11.24 
385,Farrel,Bemand,fbemandao@blinklist.com,Male,,$82.74 
386,Monte,Blackburne,mblackburneap@oaic.gov.au,Male,,$33.02 
387,Grissel,Firmager,gfirmageraq@simplemachines.org,Female,,$30.09 
388,Constance,Clooney,cclooneyar@jalbum.net,Female,,$95.56 
389,Valma,Woodnutt,vwoodnuttas@fc2.com,Female,,$43.07 
390,Elmo,Oki,eokiat@cbsnews.com,Male,,$92.42 
391,Mirabella,Masser,mmasserau@deliciousdays.com,Female,,$39.68 
392,Barnard,Lainton,blaintonav@cbc.ca,Male,,$15.30 
393,Felicdad,Reven,frevenaw@businesswire.com,Female,,$44.41 
394,Sully,Gatesman,sgatesmanax@tripadvisor.com,Male,,$68.87 
395,Jose,Ygoe,jygoeay@bloomberg.com,Male,,$85.91 
396,Valle,Waugh,vwaughaz@mail.ru,Male,,$86.72 
397,Geralda,Gobell,ggobellb0@vinaora.com,Female,,$59.31 
398,Audrye,Basterfield,abasterfieldb1@plala.or.jp,Female,,$64.71 
399,Shaw,Reisin,sreisinb2@admin.ch,Male,,$96.74 
400,Kylie,Borley,kborleyb3@mediafire.com,Female,,$62.19 
401,Hilario,Klemencic,hklemencicb4@google.com.au,Male,,$68.40 
402,Trever,Wemm,twemmb5@yellowbook.com,Male,,$18.17 
403,Darius,Bew,dbewb6@mozilla.org,Male,,$17.67 
404,Willis,Patsall,wpatsallb7@craigslist.org,Male,,$62.30 
405,Emmeline,Boys,eboysb8@freewebs.com,Female,,$45.09 
406,Uta,Gilby,ugilbyb9@mozilla.com,Female,,$79.82 
407,Tabor,Iwanowicz,tiwanowiczba@washingtonpost.com,Male,,$59.81 
408,Steven,Ivens,sivensbb@acquirethisname.com,Male,,$51.51 
409,Matty,Gadd,mgaddbc@amazon.de,Female,,$75.15 
410,Codi,Cullum,ccullumbd@senate.gov,Male,,$25.53 
411,Blaire,Pinchbeck,bpinchbeckbe@1und1.de,Female,,$81.03 
412,Tracie,Blamires,tblamiresbf@msu.edu,Male,$69.21 ,
413,Bart,Baudin,bbaudinbg@theglobeandmail.com,Male,,$87.74 
414,Geoffry,Stathers,gstathersbh@photobucket.com,Male,,$2.23 
415,Hannah,Wykey,hwykeybi@usa.gov,Female,,$61.57 
416,Zara,Godier,zgodierbj@yellowbook.com,Female,$700.10 ,
417,Shaw,Wainscoat,swainscoatbk@amazon.com,Male,,$88.83 
418,Isidro,Haswell,ihaswellbl@bloglovin.com,Male,,$49.77 
419,Reena,Darke,rdarkebm@dailymail.co.uk,Female,,$43.63 
420,Cherie,Goricke,cgorickebn@a8.net,Female,,$48.77 
421,Gratia,Knappen,gknappenbo@reuters.com,Female,,$42.64 
422,Allina,Romaint,aromaintbp@yellowbook.com,Female,,$87.68 
423,Norah,Able,nablebq@topsy.com,Female,,$39.58 
424,Idette,Rhymes,irhymesbr@liveinternet.ru,Female,$96.42 ,
425,Yorke,Weatherhead,yweatherheadbs@addtoany.com,Male,,$50.55 
426,Benny,Meekins,bmeekinsbt@cbc.ca,Female,,$37.13 
427,Merna,Ismirnioglou,mismirniogloubu@google.com.hk,Female,,$45.95 
428,Biron,Bovis,bbovisbv@macromedia.com,Male,,$81.31 
429,Shaw,Lace,slacebw@apple.com,Male,,$89.39 
430,Nani,Marion,nmarionbx@aboutads.info,Female,,$88.06 
431,Druci,De La Coste,ddelacosteby@tinyurl.com,Female,,$91.82 
432,Karil,Dobney,kdobneybz@webs.com,Female,,$63.75 
433,Isabelita,Bartczak,ibartczakc0@wikimedia.org,Female,,$87.86 
434,Jacklin,Ivashintsov,jivashintsovc1@wikia.com,Female,,$24.94 
435,Paulie,Turbayne,pturbaynec2@independent.co.uk,Male,,$26.87 
436,Grantley,Balsdon,gbalsdonc3@amazon.de,Male,,$0.08 
437,Casper,Duncan,cduncanc4@geocities.com,Male,,$99.73 
438,Melitta,Ficken,mfickenc5@globo.com,Female,,$18.35 
439,Zachariah,Glasgow,zglasgowc6@sfgate.com,Male,,$19.89 
440,Natalina,Sheehan,nsheehanc7@loc.gov,Female,,$29.72 
441,Patric,Bernucci,pbernuccic8@de.vu,Male,,$82.49 
442,Abrahan,Empson,aempsonc9@gmpg.org,Male,,$53.01 
443,Addy,Gethyn,agethynca@oracle.com,Male,,$47.21 
444,Thor,Blackeby,tblackebycb@java.com,Male,,$50.60 
445,Hilarius,Egginton,heggintoncc@usa.gov,Male,,$81.25 
446,Feodora,Fidele,ffidelecd@prweb.com,Female,,$79.13 
447,Gayla,Birtles,gbirtlesce@symantec.com,Female,,$30.45 
448,Fey,Rosenfarb,frosenfarbcf@cnn.com,Female,,$22.42 
449,Paddie,MacFaell,pmacfaellcg@tmall.com,Male,,$83.91 
450,Myrah,Leer,mleerch@narod.ru,Female,,$60.48 
451,Aurelia,Valadez,avaladezci@imageshack.us,Female,,$97.36 
452,Donica,Maisey,dmaiseycj@amazon.com,Female,,$99.62 
453,Blakelee,Banbrick,bbanbrickck@arizona.edu,Female,,$61.55 
454,Tamarah,Hember,thembercl@youku.com,Female,,$4.78 
455,Rik,Rapper,rrappercm@usnews.com,Male,,$69.11 
456,Hank,Gagg,hgaggcn@blogger.com,Male,,$8.01 
457,Cherianne,Folliott,cfolliottco@deliciousdays.com,Female,$814.90 ,
458,Rubie,Thrasher,rthrashercp@technorati.com,Female,,$89.76 
459,Avie,Simukov,asimukovcq@cornell.edu,Female,,$99.48 
460,Cathi,Docharty,cdochartycr@omniture.com,Female,,$15.52 
461,Gisela,Hendricks,ghendrickscs@ft.com,Female,,$96.81 
462,Scarface,Yeliashev,syeliashevct@foxnews.com,Male,,$43.38 
463,Kay,Veryan,kveryancu@fda.gov,Female,,$31.75 
464,Alard,Soal,asoalcv@yelp.com,Male,,$98.50 
465,Siegfried,Quincey,squinceycw@cnbc.com,Male,,$97.80 
466,Caril,Richfield,crichfieldcx@posterous.com,Female,$503.33 ,
467,Maible,Elion,melioncy@zimbio.com,Female,,$28.58 
468,Paul,Rimington,primingtoncz@vk.com,Male,,$42.32 
469,Bord,Askew,baskewd0@washingtonpost.com,Male,,$46.12 
470,Conant,Children,cchildrend1@mtv.com,Male,,$2.84 
471,Helaina,Matousek,hmatousekd2@comcast.net,Female,,$20.04 
472,Wendye,Loadwick,wloadwickd3@chicagotribune.com,Female,,$17.16 
473,Farly,Capoun,fcapound4@ameblo.jp,Male,,$59.84 
474,Tybalt,Shankland,tshanklandd5@exblog.jp,Male,,$44.77 
475,Culver,Caines,ccainesd6@ed.gov,Male,,$50.25 
476,Rayna,Eldritt,reldrittd7@deviantart.com,Female,,$38.07 
477,Lucy,Bythell,lbythelld8@so-net.ne.jp,Female,,$7.80 
478,Darnall,Aldwick,daldwickd9@pcworld.com,Male,,$72.64 
479,Merwyn,Fluin,mfluinda@noaa.gov,Male,,$13.75 
480,Uri,Bignal,ubignaldb@google.ca,Male,,$46.23 
481,Brigid,Cussen,bcussendc@yale.edu,Female,,$69.78 
482,Weber,Alkins,walkinsdd@myspace.com,Male,,$97.09 
483,Harp,Antill,hantillde@soup.io,Male,,$12.00 
484,Devinne,Flaune,dflaunedf@irs.gov,Female,,$17.28 
485,Renado,Reardon,rreardondg@list-manage.com,Male,,$29.84 
486,Riannon,Buncombe,rbuncombedh@soundcloud.com,Female,,$34.85 
487,Harmonie,Pasfield,hpasfielddi@google.com.au,Female,,$25.32 
488,Dilan,Thumim,dthumimdj@elpais.com,Male,,$71.79 
489,Jasmine,Hearl,jhearldk@wufoo.com,Female,,$59.61 
490,Michaella,Foulser,mfoulserdl@cnbc.com,Female,,$15.49 
491,Chevy,Furminger,cfurmingerdm@hostgator.com,Male,$734.76 ,
492,Gail,Ferenczy,gferenczydn@craigslist.org,Female,$451.37 ,
493,Jory,Dodridge,jdodridgedo@google.com.hk,Male,,$8.24 
494,Bastien,Povlsen,bpovlsendp@discuz.net,Male,,$8.31 
495,Aura,Peppin,apeppindq@blogger.com,Female,,$80.21 
496,Patrizio,Skone,pskonedr@huffingtonpost.com,Male,,$53.94 
497,King,Owbrick,kowbrickds@yahoo.co.jp,Male,,$20.99 
498,Deni,O' Molan,domolandt@sciencedirect.com,Female,,$67.88 
499,Ives,Galton,igaltondu@ustream.tv,Male,,$62.21 
500,Brigida,Regelous,bregelousdv@youtu.be,Female,,$40.41 
501,Ladonna,Fulstow,lfulstowdw@walmart.com,Female,,$36.20 
502,Reggie,Alp,ralpdx@zdnet.com,Male,,$57.89 
503,Frasquito,Saiz,fsaizdy@t-online.de,Male,,$14.19 
504,Sasha,Annesley,sannesleydz@kickstarter.com,Male,,$55.08 
505,Wanda,Revens,wrevense0@cmu.edu,Female,,$62.02 
506,Gillan,Levesque,glevesquee1@slate.com,Female,,$95.51 
507,Pierrette,Jeckells,pjeckellse2@sina.com.cn,Female,,$39.77 
508,Christel,Seamen,cseamene3@time.com,Female,,$69.36 
509,Liane,Nand,lnande4@guardian.co.uk,Female,,$30.68 
510,Boigie,Tunnah,btunnahe5@illinois.edu,Male,,$75.96 
511,Elke,Tressler,etresslere6@dot.gov,Female,,$59.08 
512,Matty,Rosone,mrosonee7@samsung.com,Male,,$45.50 
513,Mellisent,Doorey,mdooreye8@va.gov,Female,,$99.04 
514,Nola,Trivett,ntrivette9@issuu.com,Female,,$99.27 
515,Rustie,Woodall,rwoodallea@comcast.net,Male,,$56.80 
516,Lorette,Bruyntjes,lbruyntjeseb@pagesperso-orange.fr,Female,,$0.01 
517,Hercules,Skerritt,hskerrittec@chronoengine.com,Male,,$39.54 
518,Ray,Varney,rvarneyed@weather.com,Male,,$72.66 
519,Jemmie,Muncaster,jmuncasteree@sohu.com,Female,,$93.15 
520,Kyrstin,Brosi,kbrosief@buzzfeed.com,Female,,$76.34 
521,Orly,Bowater,obowatereg@printfriendly.com,Female,,$34.36 
522,Caresa,Spry,cspryeh@qq.com,Female,,$32.37 
523,Emylee,Dunmore,edunmoreei@youtu.be,Female,$27.56 ,
524,Stephie,Scarbarrow,sscarbarrowej@engadget.com,Female,,$53.25 
525,Joice,Turmel,jturmelek@salon.com,Female,,$92.67 
526,Viola,Do Rosario,vdorosarioel@disqus.com,Female,,$14.66 
527,Francyne,Gulk,fgulkem@ow.ly,Female,,$78.56 
528,Gayel,Oxenford,goxenforden@eventbrite.com,Female,,$87.20 
529,Wald,Sifflett,wsiffletteo@com.com,Male,,$22.84 
530,Hillard,Edsell,hedsellep@sbwire.com,Male,,$82.52 
531,Boyd,Tallent,btallenteq@netscape.com,Male,,$40.64 
532,Tildi,McFie,tmcfieer@jugem.jp,Female,,$47.74 
533,Doroteya,McRobb,dmcrobbes@home.pl,Female,$712.51 ,
534,Jarrad,Surman,jsurmanet@webmd.com,Male,,$11.65 
535,Eveleen,Inkle,einkleeu@google.it,Female,,$66.46 
536,Layton,Noble,lnobleev@amazon.com,Male,,$80.73 
537,Loleta,Storrar,lstorrarew@bloomberg.com,Female,,$89.90 
538,Skippy,Cothey,scotheyex@example.com,Male,,$58.94 
539,Janice,Bardill,jbardilley@engadget.com,Female,,$13.87 
540,Alecia,Skuce,askuceez@ocn.ne.jp,Female,,$73.68 
541,Cash,Jakolevitch,cjakolevitchf0@china.com.cn,Male,,$70.29 
542,Daphna,MacCaig,dmaccaigf1@hugedomains.com,Female,,$69.73 
543,Delphine,Budd,dbuddf2@sakura.ne.jp,Female,,$48.45 
544,Ivonne,Coan,icoanf3@friendfeed.com,Female,,$88.76 
545,Madge,Draijer,mdraijerf4@admin.ch,Female,,$11.22 
546,Lorine,McKillop,lmckillopf5@example.com,Female,,$84.55 
547,Yettie,Hampe,yhampef6@mlb.com,Female,,$28.12 
548,Jozef,Wilfinger,jwilfingerf7@opera.com,Male,,$38.74 
549,Hally,Mitchelhill,hmitchelhillf8@flickr.com,Female,,$21.12 
550,Dion,Dominguez,ddominguezf9@hao123.com,Male,,$24.61 
551,Byrom,Pennone,bpennonefa@cdbaby.com,Male,,$75.78 
552,Welch,Geldert,wgeldertfb@weibo.com,Male,,$43.33 
553,Cary,Lownes,clownesfc@tinyurl.com,Male,,$57.10 
554,Alikee,Spuffard,aspuffardfd@tripadvisor.com,Female,,$62.59 
555,Marketa,Dunbavin,mdunbavinfe@biblegateway.com,Female,,$59.62 
556,Chen,Forsdike,cforsdikeff@barnesandnoble.com,Male,$572.99 ,
557,Fallon,Clare,fclarefg@examiner.com,Female,$909.29 ,
558,Tris,Warren,twarrenfh@weebly.com,Male,,$76.18 
559,Benedicta,Yakunchikov,byakunchikovfi@vimeo.com,Female,,$24.89 
560,Christy,Nichols,cnicholsfj@homestead.com,Male,,$80.80 
561,Garry,Winteringham,gwinteringhamfk@liveinternet.ru,Male,,$6.33 
562,Linoel,Punter,lpunterfl@washington.edu,Male,,$67.34 
563,Candis,Griffith,cgriffithfm@zimbio.com,Female,$525.88 ,
564,Darill,Durden,ddurdenfn@wikispaces.com,Male,,$94.00 
565,Willyt,Solman,wsolmanfo@gmpg.org,Female,$255.44 ,
566,Gerry,Moggan,gmogganfp@360.cn,Male,,$44.43 
567,Brynn,Phillott,bphillottfq@europa.eu,Female,,$30.29 
568,Jared,Nudde,jnuddefr@com.com,Male,,$14.19 
569,Sarah,Veazey,sveazeyfs@amazon.com,Female,,$88.63 
570,Tadio,Giddy,tgiddyft@printfriendly.com,Male,,$16.21 
571,Odo,Lecount,olecountfu@imageshack.us,Male,,$36.78 
572,Butch,Shimony,bshimonyfv@wordpress.com,Male,,$55.34 
573,Abe,Spellman,aspellmanfw@myspace.com,Male,,$51.85 
574,Kylynn,Wybrow,kwybrowfx@economist.com,Female,,$34.73 
575,Andris,Craze,acrazefy@nyu.edu,Male,,$25.37 
576,Kit,Britto,kbrittofz@about.me,Male,,$42.12 
577,Robin,Othick,rothickg0@globo.com,Female,,$89.20 
578,Fairleigh,Degoey,fdegoeyg1@icq.com,Male,,$49.52 
579,Mervin,Hatch,mhatchg2@google.ca,Male,,$53.29 
580,Kandy,Hunston,khunstong3@npr.org,Female,,$1.67 
581,Carole,Farnell,cfarnellg4@bing.com,Female,,$80.87 
582,Winfield,Sivess,wsivessg5@booking.com,Male,,$44.94 
583,Ernesto,Ubsdale,eubsdaleg6@mashable.com,Male,,$68.54 
584,Kesley,Cawdron,kcawdrong7@so-net.ne.jp,Female,,$62.13 
585,Justen,Baldick,jbaldickg8@cmu.edu,Male,,$87.10 
586,Ashly,Jagger,ajaggerg9@yale.edu,Female,,$17.65 
587,Kiah,Kebbell,kkebbellga@reference.com,Female,,$72.15 
588,Thaine,Middle,tmiddlegb@irs.gov,Male,,$72.32 
589,Sophi,Paireman,spairemangc@sciencedirect.com,Female,,$29.40 
590,Dario,Alcide,dalcidegd@census.gov,Male,,$66.64 
591,Elysia,Bilton,ebiltonge@bing.com,Female,,$51.32 
592,Kore,Bolus,kbolusgf@list-manage.com,Female,,$4.23 
593,Bekki,Benza,bbenzagg@free.fr,Female,,$56.19 
594,Marius,Bjorkan,mbjorkangh@360.cn,Male,,$96.79 
595,Dante,Fowden,dfowdengi@admin.ch,Male,,$54.59 
596,Adi,O'Shirine,aoshirinegj@telegraph.co.uk,Female,,$56.86 
597,Tim,Ruggier,truggiergk@discovery.com,Male,,$1.58 
598,Stevie,Cawkill,scawkillgl@dailymail.co.uk,Male,,$67.03 
599,Brandea,Lyddyard,blyddyardgm@mit.edu,Female,,$9.72 
600,Aindrea,McGowing,amcgowinggn@behance.net,Female,,$13.53 
601,Carmine,Sarginson,csarginsongo@army.mil,Male,,$34.49 
602,Morgan,Jellett,mjellettgp@census.gov,Male,,$35.74 
603,Val,Yakovl,vyakovlgq@ning.com,Female,,$98.37 
604,Rourke,Risso,rrissogr@independent.co.uk,Male,,$53.91 
605,Kizzee,Kivlin,kkivlings@newsvine.com,Female,,$8.00 
606,Kristoffer,Hilley,khilleygt@mapquest.com,Male,,$46.91 
607,Carin,D'Onise,cdonisegu@angelfire.com,Female,,$45.75 
608,Alberta,Temblett,atemblettgv@fastcompany.com,Female,,$60.41 
609,Velma,Morrel,vmorrelgw@addthis.com,Female,,$56.25 
610,Essie,Conman,econmangx@icio.us,Female,,$40.34 
611,Sophronia,Puve,spuvegy@issuu.com,Female,,$19.99 
612,Baily,MacAulay,bmacaulaygz@mlb.com,Male,,$54.80 
613,Esther,Clowser,eclowserh0@angelfire.com,Female,,$36.35 
614,Ralina,Verryan,rverryanh1@wikimedia.org,Female,,$88.69 
615,Dallas,Tomaszek,dtomaszekh2@omniture.com,Female,,$99.55 
616,Edward,McGilroy,emcgilroyh3@unblog.fr,Male,,$69.88 
617,Adan,Clausson,aclaussonh4@cdc.gov,Female,,$97.22 
618,Teodoro,Galway,tgalwayh5@pen.io,Male,$983.89 ,
619,Magda,Reddy,mreddyh6@npr.org,Female,,$83.63 
620,Wynne,Gutans,wgutansh7@yolasite.com,Female,,$20.10 
621,Kelby,Attwoul,kattwoulh8@studiopress.com,Male,,$52.54 
622,Desmond,Morrieson,dmorriesonh9@thetimes.co.uk,Male,,$57.86 
623,Tynan,Severy,tseveryha@wikispaces.com,Male,,$68.73 
624,Retha,Mannering,rmanneringhb@pagesperso-orange.fr,Female,,$26.85 
625,Klemens,McIlveen,kmcilveenhc@icio.us,Male,,$92.03 
626,Baron,Lys,blyshd@scribd.com,Male,,$86.54 
627,Bertine,Brunotti,bbrunottihe@taobao.com,Female,,$46.11 
628,Rodolfo,Tomaszczyk,rtomaszczykhf@google.it,Male,,$19.88 
629,Lydon,Lorden,llordenhg@nifty.com,Male,,$68.35 
630,Sella,Crallan,scrallanhh@twitpic.com,Female,,$42.26 
631,Irene,Lampard,ilampardhi@shinystat.com,Female,,$89.49 
632,Marlowe,Hrinchenko,mhrinchenkohj@disqus.com,Male,,$52.05 
633,Aeriell,Annatt,aannatthk@illinois.edu,Female,,$21.74 
634,Marchelle,Shoreman,mshoremanhl@cornell.edu,Female,,$27.19 
635,Montgomery,Bumby,mbumbyhm@merriam-webster.com,Male,,$23.70 
636,Sophia,Cregg,scregghn@wisc.edu,Female,,$79.08 
637,Gale,Robardet,grobardetho@istockphoto.com,Female,,$17.42 
638,Killie,Brucker,kbruckerhp@cocolog-nifty.com,Male,,$85.10 
639,Law,Plumtree,lplumtreehq@bluehost.com,Male,,$67.24 
640,Allene,Shaw,ashawhr@illinois.edu,Female,,$18.45 
641,Aridatha,Browne,abrownehs@angelfire.com,Female,,$81.98 
642,Kimbra,Mold,kmoldht@usda.gov,Female,,$21.56 
643,Polly,Aire,pairehu@bbc.co.uk,Female,,$62.51 
644,Rochelle,Yeowell,ryeowellhv@printfriendly.com,Female,,$97.05 
645,Kitty,O'Sullivan,kosullivanhw@unesco.org,Female,,$44.88 
646,Sterling,Giannazzo,sgiannazzohx@friendfeed.com,Male,,$84.66 
647,Karlotta,Glasscott,kglasscotthy@google.com,Female,,$89.57 
648,Lorain,Corsar,lcorsarhz@rakuten.co.jp,Female,,$64.09 
649,Dennison,Darracott,ddarracotti0@storify.com,Male,,$61.62 
650,Garold,Everson,geversoni1@cam.ac.uk,Male,,$22.83 
651,Frankie,Order,forderi2@wordpress.org,Female,,$26.24 
652,Essie,Belverstone,ebelverstonei3@businesswire.com,Female,$283.85 ,
653,Berkeley,Hardcastle,bhardcastlei4@omniture.com,Male,,$19.93 
654,Genevieve,Cowhig,gcowhigi5@google.co.jp,Female,,$51.78 
655,Branden,Thumnel,bthumneli6@utexas.edu,Male,,$74.21 
656,Garv,Castree,gcastreei7@google.es,Male,,$97.60 
657,Adrea,Whiston,awhistoni8@slideshare.net,Female,,$13.67 
658,Hewet,Jerdon,hjerdoni9@bloglines.com,Male,,$10.21 
659,Martyn,Gurnett,mgurnettia@uol.com.br,Male,,$31.88 
660,Ira,Drewery,idreweryib@house.gov,Female,,$1.13 
661,Thayne,Beslier,tbeslieric@booking.com,Male,,$97.61 
662,Eb,Acland,eaclandid@taobao.com,Male,,$88.79 
663,Ky,Tomson,ktomsonie@google.ru,Male,,$3.71 
664,Hyman,Brumbie,hbrumbieif@unesco.org,Male,,$19.38 
665,Annice,Trigg,atriggig@amazonaws.com,Female,,$41.10 
666,Hussein,Limerick,hlimerickih@posterous.com,Male,,$6.67 
667,Noam,Tipler,ntiplerii@creativecommons.org,Male,,$40.09 
668,Blinnie,O'Lunney,bolunneyij@arizona.edu,Female,,$77.61 
669,Kalie,Creser,kcreserik@msu.edu,Female,,$61.95 
670,Ephraim,Farleigh,efarleighil@bloglovin.com,Male,,$55.75 
671,Othilia,Durrans,odurransim@washington.edu,Female,,$30.96 
672,Tedd,Larter,tlarterin@shinystat.com,Male,,$32.78 
673,Sabine,Lodo,slodoio@flickr.com,Female,,$44.66 
674,Wallache,Scyner,wscynerip@blogs.com,Male,,$38.59 
675,Fairleigh,Burdass,fburdassiq@salon.com,Male,,$95.01 
676,Berrie,Ewin,bewinir@photobucket.com,Female,,$71.89 
677,Nickolaus,Muggleston,nmugglestonis@utexas.edu,Male,,$48.02 
678,Odo,Greendale,ogreendaleit@feedburner.com,Male,,$7.46 
679,Monroe,Cashen,mcasheniu@yolasite.com,Male,,$45.89 
680,Tomkin,Gayle,tgayleiv@mozilla.com,Male,,$47.34 
681,Adaline,Milton,amiltoniw@huffingtonpost.com,Female,,$6.46 
682,Grace,Billin,gbillinix@auda.org.au,Female,,$15.66 
683,Pat,Bolter,pbolteriy@yellowbook.com,Female,,$99.14 
684,Rebecka,Montfort,rmontfortiz@about.com,Female,,$65.11 
685,Kippy,Isenor,kisenorj0@cisco.com,Male,,$72.55 
686,Jarred,Cluely,jcluelyj1@networksolutions.com,Male,,$77.06 
687,Deni,Chillistone,dchillistonej2@japanpost.jp,Female,,$75.55 
688,Gabey,Chesters,gchestersj3@amazon.co.jp,Female,,$83.74 
689,Anderson,Axtell,aaxtellj4@msn.com,Male,,$4.01 
690,Leah,Venables,lvenablesj5@rediff.com,Female,,$48.51 
691,Petr,Domeny,pdomenyj6@storify.com,Male,,$71.84 
692,Evin,Balsom,ebalsomj7@senate.gov,Male,,$43.47 
693,Jobey,Paddefield,jpaddefieldj8@amazon.de,Female,,$52.40 
694,Cheri,Habishaw,chabishawj9@tinyurl.com,Female,,$45.34 
695,Lynnett,Jarratt,ljarrattja@elpais.com,Female,,$13.65 
696,Devy,Hawarden,dhawardenjb@adobe.com,Male,,$57.10 
697,Trenna,Priditt,tpridittjc@psu.edu,Female,,$86.08 
698,Greta,Swyn,gswynjd@irs.gov,Female,,$52.05 
699,Joline,Roantree,jroantreeje@usatoday.com,Female,,$73.38 
700,Lorraine,Van de Castele,lvandecastelejf@independent.co.uk,Female,,$34.71 
701,Douglas,Atwill,datwilljg@state.tx.us,Male,,$41.49 
702,Joeann,McCoughan,jmccoughanjh@columbia.edu,Female,,$87.79 
703,Kanya,Ferie,kferieji@google.ru,Female,,$66.11 
704,Lilith,Arran,larranjj@reddit.com,Female,,$80.08 
705,Honor,Attride,hattridejk@springer.com,Female,,$47.77 
706,Latia,Brenston,lbrenstonjl@i2i.jp,Female,,$6.49 
707,Stu,Towsie,stowsiejm@cyberchimps.com,Male,,$13.04 
708,Johnna,Howley,jhowleyjn@nhs.uk,Female,,$69.39 
709,Courtnay,Inchboard,cinchboardjo@paginegialle.it,Male,,$69.06 
710,Ode,Willets,owilletsjp@is.gd,Male,,$43.30 
711,Lynn,Coldbathe,lcoldbathejq@cnbc.com,Female,,$52.18 
712,Henry,Jaskowicz,hjaskowiczjr@prlog.org,Male,,$88.75 
713,Kenon,Brownsett,kbrownsettjs@cyberchimps.com,Male,,$66.15 
714,Claudell,Pulsford,cpulsfordjt@admin.ch,Male,,$16.82 
715,Parsifal,Pittford,ppittfordju@senate.gov,Male,,$89.08 
716,Vergil,Godilington,vgodilingtonjv@kickstarter.com,Male,,$88.12 
717,Maddy,Haldane,mhaldanejw@issuu.com,Male,,$76.66 
718,Selma,Kenyam,skenyamjx@livejournal.com,Female,,$35.65 
719,Tucker,Pickett,tpickettjy@ocn.ne.jp,Male,,$84.68 
720,Tedda,Ferryman,tferrymanjz@oaic.gov.au,Female,,$92.74 
721,Lorne,Fishbourne,lfishbournek0@washington.edu,Female,,$89.57 
722,Luella,Locock,llocockk1@ifeng.com,Female,,$76.84 
723,Keely,Hince,khincek2@infoseek.co.jp,Female,,$92.17 
724,Jarid,Aitkenhead,jaitkenheadk3@stumbleupon.com,Male,,$47.81 
725,Corrianne,Bernaciak,cbernaciakk4@elegantthemes.com,Female,,$78.38 
726,Nicole,Cranfield,ncranfieldk5@auda.org.au,Female,,$31.56 
727,Beltran,Mansfield,bmansfieldk6@lycos.com,Male,,$5.78 
728,Thayne,Ferrant,tferrantk7@yelp.com,Male,,$28.76 
729,Torre,Vaar,tvaark8@webmd.com,Male,,$39.25 
730,Judas,Tomblings,jtomblingsk9@sciencedaily.com,Male,,$3.33 
731,Ardine,Fitzackerley,afitzackerleyka@mlb.com,Female,,$55.28 
732,Charmine,O'Shavlan,coshavlankb@unblog.fr,Female,,$62.60 
733,Selby,Mapowder,smapowderkc@loc.gov,Male,,$88.79 
734,Fiorenze,Littlechild,flittlechildkd@surveymonkey.com,Female,,$39.62 
735,Lazarus,Walkley,lwalkleyke@npr.org,Male,,$60.06 
736,Patten,Bloxham,pbloxhamkf@dedecms.com,Male,,$84.55 
737,Aristotle,I'anson,aiansonkg@ning.com,Male,,$17.39 
738,Essa,Knoles,eknoleskh@pbs.org,Female,,$60.71 
739,Luis,Ridout,lridoutki@washington.edu,Male,,$4.07 
740,Julian,Habbema,jhabbemakj@ucla.edu,Male,,$66.23 
741,Olvan,Treadgear,otreadgearkk@nhs.uk,Male,,$28.77 
742,Mickie,Maslen,mmaslenkl@msu.edu,Male,,$19.98 
743,Isacco,Dallman,idallmankm@disqus.com,Male,,$48.48 
744,Grethel,Caig,gcaigkn@statcounter.com,Female,,$22.37 
745,Catie,McFadden,cmcfaddenko@sohu.com,Female,,$7.29 
746,Kipp,Cohane,kcohanekp@noaa.gov,Male,$307.91 ,
747,Land,Maymond,lmaymondkq@elegantthemes.com,Male,,$55.04 
748,Bo,Phlipon,bphliponkr@mac.com,Male,,$36.69 
749,Hilly,Dinley,hdinleyks@shop-pro.jp,Male,,$25.66 
750,Chalmers,Scraney,cscraneykt@jugem.jp,Male,,$5.48 
751,Hazlett,De Vuyst,hdevuystku@irs.gov,Male,,$67.68 
752,Jermain,Leadston,jleadstonkv@deliciousdays.com,Male,,$81.92 
753,Gavrielle,Littley,glittleykw@webeden.co.uk,Female,,$65.52 
754,Harper,Belchamp,hbelchampkx@harvard.edu,Male,,$18.97 
755,Gaven,Gres,ggresky@reverbnation.com,Male,,$57.45 
756,Jolynn,Atwill,jatwillkz@xinhuanet.com,Female,,$50.23 
757,Kylen,Thornbarrow,kthornbarrowl0@cornell.edu,Female,,$30.25 
758,Darcie,Alenov,dalenovl1@shareasale.com,Female,,$65.67 
759,Edith,MacCardle,emaccardlel2@blogs.com,Female,,$27.83 
760,Renell,Jeschner,rjeschnerl3@oracle.com,Female,,$45.97 
761,Shani,Duer,sduerl4@samsung.com,Female,,$43.02 
762,Raddie,Dudeney,rdudeneyl5@bloomberg.com,Male,,$8.77 
763,Hugo,Agutter,hagutterl6@dyndns.org,Male,,$10.96 
764,Orlando,Lucas,olucasl7@state.gov,Male,,$48.34 
765,Alexandrina,O'Neal,aoneall8@mapy.cz,Female,,$38.11 
766,Sherri,Blowers,sblowersl9@bloglines.com,Female,,$69.93 
767,Layton,Evenden,levendenla@slashdot.org,Male,$713.26 ,
768,Benedict,Smouten,bsmoutenlb@skype.com,Male,,$91.40 
769,Jewelle,Hasty,jhastylc@nationalgeographic.com,Female,,$63.35 
770,Natalie,Ashpital,nashpitalld@xrea.com,Female,,$88.97 
771,Gabrila,Furminger,gfurmingerle@marriott.com,Female,,$3.33 
772,Rouvin,Cleevely,rcleevelylf@cnn.com,Male,,$5.20 
773,Beilul,Shipperbottom,bshipperbottomlg@huffingtonpost.com,Female,,$72.87 
774,Brittani,Godden,bgoddenlh@1und1.de,Female,,$9.46 
775,Risa,Krale,rkraleli@cyberchimps.com,Female,,$22.76 
776,Dix,Jeroch,djerochlj@hubpages.com,Female,,$8.07 
777,Quillan,Pate,qpatelk@weather.com,Male,,$62.15 
778,Royal,Possa,rpossall@surveymonkey.com,Male,,$94.02 
779,Loree,Redwall,lredwalllm@so-net.ne.jp,Female,,$35.26 
780,Daloris,Shotbolt,dshotboltln@unesco.org,Female,,$34.67 
781,Pooh,Tubridy,ptubridylo@census.gov,Male,,$95.63 
782,Patrice,Alp,palplp@aboutads.info,Male,,$46.22 
783,Pearce,Hiddsley,phiddsleylq@ucla.edu,Male,,$11.26 
784,Moyna,Instrell,minstrelllr@altervista.org,Female,,$62.06 
785,Alayne,Bartkowiak,abartkowiakls@disqus.com,Female,,$49.83 
786,Benton,Karolyi,bkarolyilt@howstuffworks.com,Male,,$80.17 
787,Lita,Moughtin,lmoughtinlu@illinois.edu,Female,,$47.26 
788,Datha,Thunnercliffe,dthunnercliffelv@naver.com,Female,,$73.90 
789,Yolanda,Loy,yloylw@sourceforge.net,Female,,$3.93 
790,Stearn,De Filippo,sdefilippolx@arstechnica.com,Male,,$75.23 
791,Nedi,Sommer,nsommerly@aol.com,Female,,$81.98 
792,Wain,Housegoe,whousegoelz@goodreads.com,Male,,$66.97 
793,Giorgia,Itzkovici,gitzkovicim0@ebay.co.uk,Female,,$8.13 
794,Sheridan,Naisey,snaiseym1@soup.io,Male,,$36.72 
795,Babette,Jaume,bjaumem2@abc.net.au,Female,,$13.24 
796,Pryce,Biesinger,pbiesingerm3@ebay.com,Male,,$94.88 
797,Sadie,Eayres,seayresm4@1und1.de,Female,,$23.53 
798,Alaric,Kembley,akembleym5@cdbaby.com,Male,,$32.17 
799,Kitty,Battersby,kbattersbym6@usnews.com,Female,,$69.97 
800,John,Ruggles,jrugglesm7@baidu.com,Male,,$62.77 
801,Bronnie,Huckstepp,bhucksteppm8@timesonline.co.uk,Male,,$68.03 
802,See,Eldin,seldinm9@theguardian.com,Male,,$23.89 
803,Tomaso,Rasell,trasellma@utexas.edu,Male,,$75.23 
804,Chlo,Bindley,cbindleymb@t.co,Female,,$51.31 
805,Kelwin,Canedo,kcanedomc@skyrock.com,Male,,$18.41 
806,Ware,Rouff,wrouffmd@zimbio.com,Male,,$68.22 
807,Kimberli,Eltune,keltuneme@msn.com,Female,,$96.96 
808,Kara,Ruslen,kruslenmf@ucsd.edu,Female,,$93.32 
809,Patty,Osipov,posipovmg@nba.com,Male,,$33.25 
810,Gilberte,Tukely,gtukelymh@state.gov,Female,,$24.03 
811,Mufinella,Bucktharp,mbucktharpmi@earthlink.net,Female,,$13.90 
812,Chickie,Maccaig,cmaccaigmj@sakura.ne.jp,Male,,$76.69 
813,Elmer,D'Costa,edcostamk@dell.com,Male,,$26.92 
814,Alyosha,Pengelly,apengellyml@sfgate.com,Male,,$56.80 
815,Hendrik,MacDonell,hmacdonellmm@opera.com,Male,,$76.54 
816,Cletis,Kubacki,ckubackimn@hubpages.com,Male,$372.48 ,
817,Culley,Surguine,csurguinemo@blog.com,Male,,$32.23 
818,Jade,Eynon,jeynonmp@yolasite.com,Female,,$96.30 
819,Meggy,MacDermid,mmacdermidmq@omniture.com,Female,,$85.50 
820,Smith,Corn,scornmr@un.org,Male,,$46.80 
821,Ervin,Zahor,ezahorms@imgur.com,Male,,$39.06 
822,Eddie,Ashman,eashmanmt@zdnet.com,Female,,$21.53 
823,Maddie,Gwyer,mgwyermu@pen.io,Male,,$39.38 
824,Kylie,Seage,kseagemv@google.cn,Female,,$56.09 
825,Deeanne,MacCafferky,dmaccafferkymw@vkontakte.ru,Female,,$67.75 
826,Bartram,Reignolds,breignoldsmx@ebay.co.uk,Male,,$31.57 
827,Hilarius,Eric,hericmy@smh.com.au,Male,,$32.18 
828,Sharla,Allerton,sallertonmz@com.com,Female,,$3.13 
829,Hodge,Panons,hpanonsn0@shareasale.com,Male,,$16.20 
830,Warde,Godfery,wgodferyn1@nifty.com,Male,,$83.29 
831,Tessie,Hannon,thannonn2@bizjournals.com,Female,,$78.68 
832,Mattie,Rosenvasser,mrosenvassern3@eventbrite.com,Female,,$20.33 
833,Larina,Tapply,ltapplyn4@drupal.org,Female,,$57.59 
834,Jo,Logg,jloggn5@toplist.cz,Female,,$50.82 
835,Tiena,Gilliam,tgilliamn6@google.ru,Female,,$78.55 
836,Cindee,Haversum,chaversumn7@msu.edu,Female,,$98.38 
837,Michele,Dailey,mdaileyn8@unc.edu,Female,,$98.20 
838,Hamish,Cutbirth,hcutbirthn9@aol.com,Male,,$13.76 
839,Alexandre,Smithe,asmithena@friendfeed.com,Male,,$73.40 
840,Garvy,Elliston,gellistonnb@spiegel.de,Male,,$49.56 
841,Sula,Tumbelty,stumbeltync@domainmarket.com,Female,,$49.21 
842,Bradly,Yewman,byewmannd@tuttocitta.it,Male,,$42.65 
843,Magdaia,Bankhurst,mbankhurstne@umn.edu,Female,,$36.13 
844,Vassily,Allden,valldennf@cargocollective.com,Male,,$77.23 
845,Frasco,Hardey,fhardeyng@moonfruit.com,Male,,$36.62 
846,Jerrome,Skillington,jskillingtonnh@msu.edu,Male,,$87.22 
847,Jandy,Inchan,jinchanni@blogtalkradio.com,Female,,$57.71 
848,Peter,Oehm,poehmnj@cam.ac.uk,Male,,$37.23 
849,Alva,Persent,apersentnk@guardian.co.uk,Male,,$22.18 
850,Benedicta,Nickoles,bnickolesnl@utexas.edu,Female,$168.43 ,
851,Basil,Gerram,bgerramnm@spotify.com,Male,,$14.94 
852,Fredrick,Caffrey,fcaffreynn@spiegel.de,Male,,$99.49 
853,Hamilton,Tunstall,htunstallno@addtoany.com,Male,,$7.98 
854,Tamarra,Fatkin,tfatkinnp@nasa.gov,Female,,$32.44 
855,Fred,Knighton,fknightonnq@dagondesign.com,Male,,$60.97 
856,Levey,Trittam,ltrittamnr@admin.ch,Male,,$44.35 
857,Alicea,Grumley,agrumleyns@creativecommons.org,Female,,$25.79 
858,Felicle,MacCostye,fmaccostyent@forbes.com,Female,,$56.33 
859,Nathaniel,Hugueville,nhuguevillenu@japanpost.jp,Male,,$49.68 
860,Saidee,Mytton,smyttonnv@tumblr.com,Female,,$93.04 
861,Fred,Downs,fdownsnw@friendfeed.com,Female,,$25.96 
862,Remington,Stonebanks,rstonebanksnx@toplist.cz,Male,,$35.28 
863,Orren,Colnett,ocolnettny@businessinsider.com,Male,,$89.57 
864,Rafael,Bendall,rbendallnz@skyrock.com,Male,,$77.64 
865,Yoko,Burt,yburto0@techcrunch.com,Female,,$64.07 
866,Dodi,McKerley,dmckerleyo1@delicious.com,Female,,$50.16 
867,Judah,Hosby,jhosbyo2@people.com.cn,Male,,$0.82 
868,Fitzgerald,Cantillon,fcantillono3@amazon.com,Male,,$34.99 
869,Page,Halladay,phalladayo4@prlog.org,Male,,$41.81 
870,Nikolia,Beckitt,nbeckitto5@wikia.com,Female,,$64.31 
871,Josiah,Mitkcov,jmitkcovo6@noaa.gov,Male,,$39.89 
872,Dorolisa,Clac,dclaco7@fotki.com,Female,,$92.53 
873,Angelika,Magenny,amagennyo8@tripadvisor.com,Female,,$66.86 
874,Gizela,Pimblett,gpimbletto9@google.ru,Female,,$23.59 
875,Cherey,Vedenyakin,cvedenyakinoa@wp.com,Female,,$71.34 
876,Velma,Dickon,vdickonob@tumblr.com,Female,,$88.79 
877,Katerine,Fedynski,kfedynskioc@goo.ne.jp,Female,,$21.02 
878,Stevana,Gallagher,sgallagherod@bloomberg.com,Female,,$61.24 
879,Neill,Grinikhin,ngrinikhinoe@pinterest.com,Male,,$51.78 
880,Banky,Rizzotto,brizzottoof@jimdo.com,Male,,$2.77 
881,Randolph,Rollingson,rrollingsonog@shop-pro.jp,Male,,$98.06 
882,Ammamaria,Graber,agraberoh@alibaba.com,Female,$921.12 ,
883,Terrel,Nunson,tnunsonoi@cbsnews.com,Male,,$6.88 
884,Pearla,Woolvin,pwoolvinoj@privacy.gov.au,Female,,$98.06 
885,Lynea,Rablin,lrablinok@unblog.fr,Female,,$59.99 
886,Rabi,Quernel,rquernelol@meetup.com,Male,,$25.88 
887,Coleman,Doring,cdoringom@live.com,Male,,$10.97 
888,Ingmar,Rennock,irennockon@amazon.co.uk,Male,,$82.81 
889,Mahmud,Bowser,mbowseroo@berkeley.edu,Male,,$48.13 
890,Pepillo,Chatters,pchattersop@quantcast.com,Male,,$31.20 
891,Zelig,Lupton,zluptonoq@house.gov,Male,,$36.41 
892,Ladonna,Pieche,lpiecheor@ihg.com,Female,,$67.78 
893,Loretta,Eblein,lebleinos@cargocollective.com,Female,,$80.62 
894,Laetitia,Hendriksen,lhendriksenot@nbcnews.com,Female,,$64.76 
895,Wilburt,Simeoli,wsimeoliou@elpais.com,Male,,$35.05 
896,Gwennie,Jacquest,gjacquestov@joomla.org,Female,,$35.03 
897,Nicolais,Whyke,nwhykeow@baidu.com,Male,,$9.56 
898,Juli,Rosthorn,jrosthornox@mtv.com,Female,,$70.83 
899,Nissy,Hewins,nhewinsoy@uol.com.br,Female,,$9.97 
900,Mel,Coltan,mcoltanoz@godaddy.com,Male,,$98.11 
901,Joel,Bleasby,jbleasbyp0@e-recht24.de,Male,,$28.57 
902,Arlena,Woltering,awolteringp1@sphinn.com,Female,,$83.48 
903,Felicio,Burde,fburdep2@example.com,Male,,$28.57 
904,Edsel,Bausmann,ebausmannp3@netscape.com,Male,,$38.92 
905,Samuele,Davidovicz,sdavidoviczp4@opera.com,Male,,$71.81 
906,Gerladina,Gomme,ggommep5@toplist.cz,Female,,$91.19 
907,Creighton,Hapke,chapkep6@nhs.uk,Male,,$51.37 
908,Sharia,Studdal,sstuddalp7@dailymail.co.uk,Female,,$2.84 
909,Orlan,McReynold,omcreynoldp8@arstechnica.com,Male,,$27.28 
910,Artair,Pardi,apardip9@goodreads.com,Male,,$33.96 
911,Viva,Munn,vmunnpa@163.com,Female,,$35.64 
912,Cicily,Karadzas,ckaradzaspb@google.it,Female,,$4.00 
913,Mick,Klas,mklaspc@slideshare.net,Male,,$13.16 
914,Any,MacIver,amaciverpd@marriott.com,Male,,$12.54 
915,Suzanne,Moulding,smouldingpe@zimbio.com,Female,,$21.73 
916,Christoffer,Moorcraft,cmoorcraftpf@posterous.com,Male,,$5.69 
917,Perle,Grishin,pgrishinpg@unc.edu,Female,,$75.50 
918,Donavon,Garlee,dgarleeph@dot.gov,Male,,$71.94 
919,Rebbecca,Grimbleby,rgrimblebypi@youku.com,Female,,$68.40 
920,Licha,Boutcher,lboutcherpj@blogger.com,Female,,$35.50 
921,Carma,Joysey,cjoyseypk@cafepress.com,Female,,$88.73 
922,Emilia,Ife,eifepl@slideshare.net,Female,,$63.94 
923,Cirstoforo,Conniam,cconniampm@adobe.com,Male,,$50.97 
924,Charissa,Iannelli,ciannellipn@marriott.com,Female,,$70.90 
925,Marketa,Richemond,mrichemondpo@alexa.com,Female,,$31.63 
926,Jolie,Tingcomb,jtingcombpp@reference.com,Female,,$40.71 
927,Vidovik,Blyden,vblydenpq@google.it,Male,,$27.89 
928,Gannie,Gomme,ggommepr@ovh.net,Male,,$91.75 
929,Torin,Cargon,tcargonps@spiegel.de,Male,,$41.97 
930,Novelia,Grishenkov,ngrishenkovpt@theguardian.com,Female,,$25.17 
931,Fair,Van Der Weedenburg,fvanderweedenburgpu@fc2.com,Male,,$34.34 
932,Andreana,Addekin,aaddekinpv@123-reg.co.uk,Female,,$68.24 
933,Dew,Peyton,dpeytonpw@issuu.com,Male,,$60.18 
934,Corty,Chainey,cchaineypx@vistaprint.com,Male,,$93.80 
935,Ham,Semkins,hsemkinspy@gizmodo.com,Male,,$51.70 
936,Esteban,Plumer,eplumerpz@va.gov,Male,,$69.61 
937,Flossie,Pollicote,fpollicoteq0@apple.com,Female,,$56.20 
938,Hamish,Brodie,hbrodieq1@ucoz.com,Male,,$11.61 
939,Sonia,Arger,sargerq2@shutterfly.com,Female,,$58.34 
940,Tana,Waddams,twaddamsq3@ucoz.com,Female,,$55.71 
941,Selby,Gymblett,sgymblettq4@forbes.com,Male,,$44.77 
942,Skipton,Isworth,sisworthq5@sphinn.com,Male,,$0.90 
943,Cordy,Seargeant,cseargeantq6@meetup.com,Male,,$96.44 
944,Lynette,Yanukhin,lyanukhinq7@theguardian.com,Female,,$73.53 
945,Odey,Streeting,ostreetingq8@google.com,Male,,$75.11 
946,Nanette,Larratt,nlarrattq9@hatena.ne.jp,Female,,$35.42 
947,Blisse,Brazenor,bbrazenorqa@mapquest.com,Female,,$40.70 
948,Frazer,Edgcumbe,fedgcumbeqb@canalblog.com,Male,,$2.98 
949,Ewell,Ibanez,eibanezqc@msu.edu,Male,,$49.63 
950,Karyn,Lunk,klunkqd@paginegialle.it,Female,,$65.77 
951,Neille,Corps,ncorpsqe@deliciousdays.com,Female,,$75.26 
952,Carmina,Laimable,claimableqf@who.int,Female,,$13.12 
953,Jamesy,Basterfield,jbasterfieldqg@harvard.edu,Male,,$12.85 
954,Salvatore,Spragge,sspraggeqh@shop-pro.jp,Male,,$88.88 
955,Bar,Mullally,bmullallyqi@fotki.com,Male,,$47.01 
956,Gretna,Bing,gbingqj@oakley.com,Female,,$69.72 
957,Bryn,Greenaway,bgreenawayqk@ask.com,Female,,$6.61 
958,Marlowe,Caiger,mcaigerql@vistaprint.com,Male,,$55.06 
959,Robina,Broscombe,rbroscombeqm@ocn.ne.jp,Female,,$83.08 
960,Denver,Colbron,dcolbronqn@baidu.com,Male,$19.22 ,
961,Blondie,Charters,bchartersqo@goodreads.com,Female,,$57.00 
962,Riva,McGonigle,rmcgonigleqp@trellian.com,Female,,$25.06 
963,Baillie,Spurritt,bspurrittqq@usatoday.com,Male,,$39.27 
964,Osgood,Gier,ogierqr@va.gov,Male,,$73.63 
965,Welch,Scrogges,wscroggesqs@dyndns.org,Male,,$16.76 
966,Cirstoforo,Passey,cpasseyqt@berkeley.edu,Male,,$16.15 
967,Gabi,Astin,gastinqu@tuttocitta.it,Male,,$64.27 
968,Burtie,Baldoni,bbaldoniqv@i2i.jp,Male,,$59.17 
969,Dasie,Jagels,djagelsqw@deviantart.com,Female,,$75.74 
970,Min,Zoane,mzoaneqx@mashable.com,Female,,$61.76 
971,Cad,Feighney,cfeighneyqy@moonfruit.com,Male,,$80.37 
972,Jobye,Cordeix,jcordeixqz@va.gov,Female,,$48.88 
973,Dillon,Ambresin,dambresinr0@cmu.edu,Male,,$81.38 
974,Jeffie,Penrose,jpenroser1@wsj.com,Male,,$89.49 
975,Stefania,Stenton,sstentonr2@msn.com,Female,,$26.30 
976,Tadio,Slaymaker,tslaymakerr3@newsvine.com,Male,,$19.80 
977,Wilhelmina,Shipcott,wshipcottr4@wikispaces.com,Female,,$79.88 
978,Roobbie,Ogbourne,rogbourner5@army.mil,Female,,$31.45 
979,Arda,Lartice,alarticer6@ucoz.com,Female,$83.59 ,
980,Fay,Veare,fvearer7@163.com,Female,,$96.85 
981,Evonne,Dallemore,edallemorer8@clickbank.net,Female,,$21.85 
982,Felecia,Stickins,fstickinsr9@fema.gov,Female,,$15.04 
983,Maxie,Chawner,mchawnerra@altervista.org,Female,,$78.26 
984,Berta,Cordall,bcordallrb@icq.com,Female,,$44.40 
985,Wilbur,McIlhone,wmcilhonerc@businessinsider.com,Male,,$72.96 
986,Emera,Sealy,esealyrd@samsung.com,Female,,$62.22 
987,Daveen,Savaage,dsavaagere@wired.com,Female,,$74.09 
988,Susi,Dinse,sdinserf@va.gov,Female,,$74.13 
989,Chris,Pockey,cpockeyrg@intel.com,Female,,$91.77 
990,La verne,Haselhurst,lhaselhurstrh@spiegel.de,Female,,$38.07 
991,Querida,Pothecary,qpothecaryri@state.tx.us,Female,,$98.51 
992,Brandais,Crellin,bcrellinrj@bluehost.com,Female,,$95.13 
993,Bendick,Sinnatt,bsinnattrk@w3.org,Male,,$2.08 
994,Stephanie,Tatlowe,statlowerl@biblegateway.com,Female,,$30.40 
995,Thorvald,Mossop,tmossoprm@dion.ne.jp,Male,,$14.17 
996,Rusty,Shearsby,rshearsbyrn@imdb.com,Male,,$30.32 
997,Rosella,Plumbley,rplumbleyro@jigsy.com,Female,,$47.16 
998,Aluino,Springtorp,aspringtorprp@theatlantic.com,Male,,$86.20 
999,Viola,Treend,vtreendrq@quantcast.com,Female,,$25.05 
1000,Joycelin,Bicknell,jbicknellrr@tinypic.com,Female,,$29.48 