id,last_name,first_name,email,gender,credit,debit
1,Butts,Giffard,gbutts0@g.co,Male,$2364.65,
2,Blann,Doris,dblann1@bloomberg.com,Female,$8735.83,
3,Pontin,Marjorie,mpontin2@1und1.de,Female,,$7009.61
4,Reynault,Theo,treynault3@gizmodo.com,Male,$5645.10,
5,Nicely,Jayne,jnicely4@indiatimes.com,Female,$7523.29,
6,Middlebrook,Jolyn,jmiddlebrook5@amazon.com,Female,$8015.96,
7,Climar,Chancey,cclimar6@dot.gov,Male,$4147.75,
8,Gateley,Hanson,hgateley7@yandex.ru,Male,$1112.75,
9,Summerill,Ania,asummerill8@ifeng.com,Female,,$562.53
10,Challicombe,Taber,tchallicombe9@edublogs.org,Male,,$3511.87
11,Braisted,Goldia,gbraisteda@multiply.com,Female,$2604.07,
12,Hollington,Letti,lhollingtonb@taobao.com,Female,$2370.96,
13,Benn,Edmon,ebennc@blinklist.com,Male,$5308.97,
14,Marjanovic,Bartie,bmarjanovicd@marriott.com,Male,$2360.09,
15,Shakelade,Cassandry,cshakeladee@wunderground.com,Female,$7172.09,
16,Pibworth,Connor,cpibworthf@newyorker.com,Male,,$822.32
17,O'Cahey,Alicia,aocaheyg@delicious.com,Female,,$3047.43
18,Stallon,Holmes,hstallonh@surveymonkey.com,Male,$6561.97,
19,Clewlow,Mellie,mclewlowi@livejournal.com,Female,$3497.00,
20,Portwain,Norton,nportwainj@usatoday.com,Male,$689.69,
21,Hasling,Petronia,phaslingk@nifty.com,Female,$3378.10,
22,Blanden,Mikel,mblandenl@instagram.com,Male,$1290.88,
23,Bispham,Merl,mbisphamm@china.com.cn,Female,,$5905.24
24,Center,Dora,dcentern@mashable.com,Female,,$3306.35
25,Gammet,Clarabelle,cgammeto@1688.com,Female,,$581.45
26,Cardew,Gayle,gcardewp@baidu.com,Male,$4969.10,
27,MacAlister,Cornela,cmacalisterq@hatena.ne.jp,Female,,$4405.06
28,Videneev,Isadora,ivideneevr@uiuc.edu,Female,,$1934.04
29,Betteriss,Annabell,abetterisss@cargocollective.com,Female,$9152.25,
30,Nellies,Jody,jnelliest@tmall.com,Female,,$4551.78
31,Leggin,Kellen,klegginu@smugmug.com,Female,$7248.98,
32,Upcott,Quintana,qupcottv@stumbleupon.com,Female,$891.67,
33,Juzek,Dudley,djuzekw@china.com.cn,Male,$3480.04,
34,Prescot,Lucilia,lprescotx@tinypic.com,Female,,$2414.83
35,Valentin,Anna-maria,avalentiny@nasa.gov,Female,$2231.44,
36,Knagges,Selie,sknaggesz@harvard.edu,Female,,$4277.21
37,O Sullivan,Bridget,bosullivan10@eepurl.com,Female,$3745.68,
38,Priestner,Alice,apriestner11@usa.gov,Female,,$7244.89
39,Bracknell,Leticia,lbracknell12@cnbc.com,Female,$4643.02,
40,Fone,Erasmus,efone13@pcworld.com,Male,,$5423.26
41,Naptine,Maurizio,mnaptine14@rediff.com,Male,,$4206.44
42,Cressy,Paxon,pcressy15@wikispaces.com,Male,,$4971.61
43,Penkman,Maximilian,mpenkman16@miitbeian.gov.cn,Male,,$6576.33
44,Pointing,Uriel,upointing17@dropbox.com,Male,$3161.83,
45,de Guise,Theresina,tdeguise18@youku.com,Female,$4834.14,
46,Newing,Douglass,dnewing19@senate.gov,Male,,$2811.96
47,Jelly,Monty,mjelly1a@woothemes.com,Male,$9628.73,
48,Bulger,Nikos,nbulger1b@walmart.com,Male,$6446.33,
49,Posner,Siana,sposner1c@imdb.com,Female,,$8563.96
50,McGilvary,Kellby,kmcgilvary1d@simplemachines.org,Male,,$120.68
51,Batteson,Rasia,rbatteson1e@sina.com.cn,Female,$8936.30,
52,Bottleson,Sandie,sbottleson1f@redcross.org,Female,,$9034.01
53,Midden,Bess,bmidden1g@springer.com,Female,,$9536.68
54,Killingback,Hunt,hkillingback1h@noaa.gov,Male,$9975.24,
55,Bugg,Jessica,jbugg1i@tinypic.com,Female,$5642.60,
56,Ivell,Traci,tivell1j@about.com,Female,,$2520.24
57,Guarnier,Tammie,tguarnier1k@cnn.com,Female,$1748.59,
58,Loan,Luca,lloan1l@cam.ac.uk,Male,,$1601.91
59,Nannini,Joshia,jnannini1m@who.int,Male,$9457.43,
60,Olanda,Saba,solanda1n@census.gov,Female,,$5172.92
61,Stayte,Philomena,pstayte1o@wunderground.com,Female,$7483.75,
62,Chiswell,Quinn,qchiswell1p@usgs.gov,Female,$7910.67,
63,Handmore,Nelie,nhandmore1q@reference.com,Female,$4251.41,
64,Semble,Roz,rsemble1r@twitpic.com,Female,,$4769.07
65,Careswell,Jarrid,jcareswell1s@chron.com,Male,$2885.59,
66,Busswell,Lynett,lbusswell1t@nps.gov,Female,,$9659.64
67,Filyakov,Kirstin,kfilyakov1u@digg.com,Female,$7935.55,
68,Monkman,Karl,kmonkman1v@bigcartel.com,Male,$7228.77,
69,Peggram,Joy,jpeggram1w@springer.com,Female,$8530.37,
70,Reckus,Dulciana,dreckus1x@parallels.com,Female,$7196.35,
71,Bruhke,Isaak,ibruhke1y@weebly.com,Male,$4791.40,
72,Howgego,Merrili,mhowgego1z@issuu.com,Female,,$8367.74
73,Fagan,Robinson,rfagan20@eepurl.com,Male,$4634.63,
74,Andersch,Madison,mandersch21@spiegel.de,Male,$3332.54,
75,Mullarkey,Moyra,mmullarkey22@google.it,Female,,$8145.39
76,Orrobin,Ginevra,gorrobin23@odnoklassniki.ru,Female,$9216.85,
77,Franken,Murielle,mfranken24@google.co.jp,Female,$5873.18,
78,Iskow,Cori,ciskow25@tripod.com,Male,$6210.62,
79,Pogue,Eldon,epogue26@csmonitor.com,Male,$9892.45,
80,Trevascus,Kassia,ktrevascus27@canalblog.com,Female,$2625.93,
81,Louder,Delcine,dlouder28@cam.ac.uk,Female,,$6436.72
82,Zelner,Vanna,vzelner29@statcounter.com,Female,$126.27,
83,Bubbins,Wanda,wbubbins2a@mtv.com,Female,$4512.78,
84,Raistrick,Welsh,wraistrick2b@cbc.ca,Male,$9776.33,
85,Ames,Justinn,james2c@163.com,Female,,$7042.97
86,Keady,Laryssa,lkeady2d@uol.com.br,Female,$5015.26,
87,Lovekin,Aldis,alovekin2e@drupal.org,Male,$7446.10,
88,Carwithim,Eberto,ecarwithim2f@mac.com,Male,,$614.85
89,Stoke,Nyssa,nstoke2g@biblegateway.com,Female,$3573.60,
90,Carey,Roderigo,rcarey2h@bloglines.com,Male,,$1787.70
91,Letch,Alberta,aletch2i@dailymotion.com,Female,$1853.40,
92,Kubyszek,Toinette,tkubyszek2j@mozilla.org,Female,$8707.80,
93,Scogin,Rose,rscogin2k@berkeley.edu,Female,,$702.26
94,Tempest,Muhammad,mtempest2l@studiopress.com,Male,,$2995.45
95,Fullylove,Devonna,dfullylove2m@deliciousdays.com,Female,,$3335.90
96,Shrieves,Albertine,ashrieves2n@answers.com,Female,$4181.96,
97,Walrond,Abbey,awalrond2o@free.fr,Female,,$6501.78
98,Dillingston,Merrill,mdillingston2p@com.com,Female,,$5048.71
99,Cosgriff,Bev,bcosgriff2q@reverbnation.com,Female,,$1483.83
100,Dominetti,Phedra,pdominetti2r@toplist.cz,Female,$9347.77,
101,Latta,Eran,elatta2s@hp.com,Female,,$7163.61
102,Severns,Barby,bseverns2t@abc.net.au,Female,,$4540.31
103,Chisnall,Emelda,echisnall2u@reverbnation.com,Female,,$5340.67
104,Ponten,Mirilla,mponten2v@dailymotion.com,Female,,$5664.96
105,Aberdein,Carney,caberdein2w@chronoengine.com,Male,$5421.18,
106,Bullimore,Rhea,rbullimore2x@infoseek.co.jp,Female,$7774.27,
107,Kinnoch,Kerwinn,kkinnoch2y@newyorker.com,Male,,$6858.58
108,McGhee,Sarge,smcghee2z@twitpic.com,Male,,$1077.41
109,Croce,Phoebe,pcroce30@about.com,Female,$5615.29,
110,Echalie,Etheline,eechalie31@pen.io,Female,,$8613.33
111,Piola,Teriann,tpiola32@webs.com,Female,,$594.66
112,Mockford,Valene,vmockford33@usnews.com,Female,,$2474.92
113,Blackaller,Kally,kblackaller34@harvard.edu,Female,,$7917.16
114,Bellord,Shena,sbellord35@github.io,Female,$1080.71,
115,Caron,Wilden,wcaron36@cnbc.com,Male,,$8930.21
116,MacCroary,Daniel,dmaccroary37@addthis.com,Male,$4272.66,
117,Camock,Tommy,tcamock38@sphinn.com,Male,,$5050.75
118,Willett,Harbert,hwillett39@last.fm,Male,,$4746.01
119,Andres,Rhys,randres3a@blog.com,Male,,$6246.03
120,O'Tierney,Worthy,wotierney3b@google.com.br,Male,,$1882.70
121,Matfin,Towney,tmatfin3c@icq.com,Male,,$6530.28
122,Earie,Russ,rearie3d@un.org,Male,,$7015.00
123,Kane,Konstance,kkane3e@cpanel.net,Female,$2790.39,
124,Culleford,Em,eculleford3f@ebay.co.uk,Male,$5882.79,
125,Cage,Torin,tcage3g@prweb.com,Male,,$2542.87
126,Pincott,Trey,tpincott3h@newyorker.com,Male,,$7873.48
127,Lovekin,Kerby,klovekin3i@gnu.org,Male,$1216.65,
128,Trenbay,Verla,vtrenbay3j@loc.gov,Female,$5587.62,
129,Tattersfield,Mortimer,mtattersfield3k@dailymotion.com,Male,,$7054.52
130,Grubb,Dare,dgrubb3l@tinyurl.com,Male,$2798.64,
131,Brian,Georgette,gbrian3m@theatlantic.com,Female,,$2088.63
132,Wiszniewski,Kaycee,kwiszniewski3n@cam.ac.uk,Female,,$2929.64
133,Bateman,Ambrosio,abateman3o@scribd.com,Male,,$1183.52
134,Attwell,Audrye,aattwell3p@is.gd,Female,,$7333.20
135,Lethby,Isaiah,ilethby3q@imdb.com,Male,,$8591.06
136,Gillooly,Trenna,tgillooly3r@stanford.edu,Female,$1253.17,
137,Ewols,Eliot,eewols3s@symantec.com,Male,$7390.31,
138,Andreaccio,Ashlin,aandreaccio3t@shutterfly.com,Male,,$7435.12
139,MacMaykin,Kennith,kmacmaykin3u@gravatar.com,Male,,$1411.80
140,Von Welden,Miranda,mvonwelden3v@dagondesign.com,Female,$2966.43,
141,Bowdery,Linc,lbowdery3w@bizjournals.com,Male,,$9575.86
142,Allix,Hill,hallix3x@jimdo.com,Male,,$5126.27
143,Harwell,Emyle,eharwell3y@imgur.com,Female,$2878.13,
144,Thumim,Dionne,dthumim3z@dmoz.org,Female,$2161.83,
145,Giddy,Pierce,pgiddy40@usgs.gov,Male,,$8242.00
146,Lumbers,Arlina,alumbers41@geocities.com,Female,$3442.04,
147,Bourhill,Lethia,lbourhill42@mysql.com,Female,$5846.63,
148,Spir,Nerta,nspir43@epa.gov,Female,,$3337.97
149,Gerrietz,Jaine,jgerrietz44@google.fr,Female,,$6514.43
150,Ellum,Mehetabel,mellum45@booking.com,Female,$1999.71,
151,Reveland,Obidiah,oreveland46@canalblog.com,Male,,$4235.29
152,Steger,Alec,asteger47@google.cn,Male,,$7379.26
153,Delf,Cris,cdelf48@miibeian.gov.cn,Male,,$6156.19
154,Takis,Farleigh,ftakis49@dailymail.co.uk,Male,$1804.22,
155,Gutridge,Martainn,mgutridge4a@aol.com,Male,$8805.23,
156,Flagg,Kaile,kflagg4b@senate.gov,Female,,$6720.38
157,Pentin,Adelind,apentin4c@google.de,Female,$5042.41,
158,Brocking,Grady,gbrocking4d@e-recht24.de,Male,,$7867.02
159,Hakes,Wilhelm,whakes4e@google.pl,Male,,$2151.83
160,Stitfall,Gisele,gstitfall4f@usatoday.com,Female,$8137.44,
161,Nijssen,Tammy,tnijssen4g@cbsnews.com,Male,,$1102.42
162,Radborne,Sergei,sradborne4h@topsy.com,Male,,$3620.85
163,Ellam,Damara,dellam4i@reddit.com,Female,$9000.19,
164,Davenell,Phineas,pdavenell4j@barnesandnoble.com,Male,$7100.35,
165,Fearnsides,Fredrick,ffearnsides4k@zimbio.com,Male,$6955.12,
166,Gier,Florida,fgier4l@sogou.com,Female,$5856.07,
167,Kidds,Alisun,akidds4m@clickbank.net,Female,,$2185.67
168,Endrighi,Doro,dendrighi4n@vimeo.com,Female,,$2521.68
169,Simecek,Ethan,esimecek4o@sitemeter.com,Male,,$6435.69
170,Masdin,Klemens,kmasdin4p@ibm.com,Male,$3758.17,
171,Asty,Rhianon,rasty4q@theglobeandmail.com,Female,,$2706.22
172,Cawdron,Nickie,ncawdron4r@myspace.com,Female,$3538.96,
173,Timmis,Lyn,ltimmis4s@wikispaces.com,Female,$8663.11,
174,Verlinde,Ramona,rverlinde4t@reddit.com,Female,,$9146.13
175,Dessent,Findlay,fdessent4u@slate.com,Male,,$6210.10
176,Ebbotts,Odey,oebbotts4v@ftc.gov,Male,,$3008.14
177,Dilkes,Maribeth,mdilkes4w@amazon.com,Female,$5506.44,
178,Burdoun,Germaine,gburdoun4x@gnu.org,Male,$6720.42,
179,Enstone,Rolf,renstone4y@drupal.org,Male,$1248.92,
180,Duxbarry,Patsy,pduxbarry4z@discovery.com,Female,$6625.67,
181,Gumby,Kaitlin,kgumby50@mtv.com,Female,,$4040.16
182,Piercy,Winny,wpiercy51@guardian.co.uk,Male,$2834.86,
183,Kristoffersson,Nanette,nkristoffersson52@psu.edu,Female,,$1513.79
184,Cruce,Clywd,ccruce53@tinyurl.com,Male,$5211.53,
185,Ruvel,Claudia,cruvel54@utexas.edu,Female,,$7571.79
186,Clyburn,Ardisj,aclyburn55@yellowpages.com,Female,$963.83,
187,Chalder,Cordi,cchalder56@dell.com,Female,$5755.38,
188,Aleixo,Kati,kaleixo57@sphinn.com,Female,,$288.23
189,Okroy,Betty,bokroy58@howstuffworks.com,Female,,$9903.15
190,Joules,Annie,ajoules59@blogs.com,Female,,$562.00
191,Steuhlmeyer,Gabriel,gsteuhlmeyer5a@webmd.com,Male,$5820.34,
192,Lovett,Heinrik,hlovett5b@etsy.com,Male,,$3693.86
193,Cafferty,Gino,gcafferty5c@lulu.com,Male,,$2893.35
194,Blakden,Helyn,hblakden5d@craigslist.org,Female,,$8718.49
195,Rumney,Dannie,drumney5e@mapy.cz,Female,$4564.86,
196,Noice,Bill,bnoice5f@4shared.com,Male,,$5791.58
197,Jessup,Hillyer,hjessup5g@hostgator.com,Male,,$7700.10
198,Stitcher,Clotilda,cstitcher5h@scribd.com,Female,,$2467.56
199,Shapiro,Frank,fshapiro5i@shinystat.com,Male,$6106.77,
200,Rebanks,Erl,erebanks5j@so-net.ne.jp,Male,$1158.34,
201,Madden,Millie,mmadden5k@canalblog.com,Female,$482.10,
202,Woodhall,Estell,ewoodhall5l@goo.gl,Female,,$1088.17
203,Blabey,Laurianne,lblabey5m@etsy.com,Female,$6393.76,
204,Sheards,Edwin,esheards5n@slashdot.org,Male,$4520.55,
205,Blackshaw,Romona,rblackshaw5o@oakley.com,Female,$9396.70,
206,Pray,Silvan,spray5p@cnn.com,Male,,$7523.47
207,Irlam,Ryon,rirlam5q@globo.com,Male,$7174.42,
208,Lotze,Lettie,llotze5r@angelfire.com,Female,,$3987.46
209,Killock,Athena,akillock5s@nytimes.com,Female,,$8265.18
210,McIlwrick,Grant,gmcilwrick5t@fema.gov,Male,,$5159.65
211,Brabbins,Rickey,rbrabbins5u@sohu.com,Male,$5282.23,
212,Cruikshanks,Dorella,dcruikshanks5v@cargocollective.com,Female,,$101.48
213,Granleese,Kellen,kgranleese5w@arizona.edu,Male,,$2504.17
214,Oakwood,Langston,loakwood5x@sohu.com,Male,,$4443.72
215,Bampkin,Margot,mbampkin5y@infoseek.co.jp,Female,,$6140.81
216,Bootman,Karim,kbootman5z@mapy.cz,Male,,$7398.71
217,Morde,Redd,rmorde60@addtoany.com,Male,,$2922.57
218,Brandle,Denis,dbrandle61@mac.com,Male,,$5258.01
219,Scholcroft,Elbertina,escholcroft62@diigo.com,Female,,$3350.08
220,Yepiskov,Britney,byepiskov63@wordpress.com,Female,$3995.45,
221,Taudevin,Vivyanne,vtaudevin64@sfgate.com,Female,,$3041.91
222,Brailey,Carmine,cbrailey65@github.io,Female,$323.75,
223,Heady,Melvin,mheady66@google.com.hk,Male,,$8464.85
224,Dansie,Zacharias,zdansie67@disqus.com,Male,,$7027.06
225,Attwool,Alastair,aattwool68@cornell.edu,Male,,$3689.64
226,Rechert,Lily,lrechert69@sfgate.com,Female,,$3667.98
227,Coley,Hetty,hcoley6a@arstechnica.com,Female,$8054.01,
228,Taffarello,Warner,wtaffarello6b@thetimes.co.uk,Male,$7267.76,
229,Boorne,Marni,mboorne6c@discovery.com,Female,,$1312.52
230,Kermitt,Cirilo,ckermitt6d@tumblr.com,Male,,$1316.00
231,Bradnocke,Dee,dbradnocke6e@hao123.com,Female,$6002.49,
232,Haglinton,Jud,jhaglinton6f@live.com,Male,,$9472.73
233,Kalinsky,Batsheva,bkalinsky6g@addtoany.com,Female,,$4395.43
234,Francombe,Graeme,gfrancombe6h@wikispaces.com,Male,,$9182.66
235,Brownlee,Morty,mbrownlee6i@un.org,Male,,$9342.24
236,Puig,Reed,rpuig6j@nytimes.com,Male,$4447.82,
237,Giorgini,Rodrique,rgiorgini6k@goo.gl,Male,$551.32,
238,McAvey,Rici,rmcavey6l@spiegel.de,Female,$2685.82,
239,Veracruysse,Saunderson,sveracruysse6m@cdbaby.com,Male,$2638.28,
240,Ca,Elie,eca6n@opensource.org,Female,,$4113.29
241,Pergens,Deidre,dpergens6o@dropbox.com,Female,$8138.00,
242,Dowsing,Anatole,adowsing6p@walmart.com,Male,$8761.21,
243,Coucha,Julia,jcoucha6q@paginegialle.it,Female,$2129.04,
244,Hindrich,Anderea,ahindrich6r@google.com.hk,Female,,$7474.46
245,Sefton,Cliff,csefton6s@mediafire.com,Male,$8817.40,
246,Gepheart,Ofella,ogepheart6t@tiny.cc,Female,$8678.43,
247,Vaudre,Edan,evaudre6u@shinystat.com,Male,$9068.12,
248,Matiasek,Eberto,ematiasek6v@alexa.com,Male,,$1155.55
249,Wingate,Ario,awingate6w@ask.com,Male,,$5815.36
250,Tevelov,Phil,ptevelov6x@exblog.jp,Female,,$9556.21
251,Sollars,May,msollars6y@pcworld.com,Female,,$128.81
252,Jerrams,Carlin,cjerrams6z@nymag.com,Female,$3354.99,
253,Djekic,Troy,tdjekic70@123-reg.co.uk,Male,,$2785.43
254,Ascraft,Ruddy,rascraft71@macromedia.com,Male,$2846.01,
255,McGourty,Parsifal,pmcgourty72@java.com,Male,$9401.89,
256,Snoddin,Meridel,msnoddin73@theglobeandmail.com,Female,,$6399.22
257,Boughton,Marian,mboughton74@feedburner.com,Female,$2573.14,
258,Currao,Chelsea,ccurrao75@tamu.edu,Female,$9133.66,
259,Basset,Rochette,rbasset76@yelp.com,Female,,$6165.55
260,Crudge,Megan,mcrudge77@ifeng.com,Female,,$9024.51
261,Pritchett,Marius,mpritchett78@google.de,Male,$8269.72,
262,Northing,Claresta,cnorthing79@stumbleupon.com,Female,,$9775.46
263,Knagges,Graham,gknagges7a@cargocollective.com,Male,,$5044.18
264,Boulter,Wait,wboulter7b@nytimes.com,Male,$2227.80,
265,Robbey,Riordan,rrobbey7c@symantec.com,Male,,$1877.61
266,Waywell,Franky,fwaywell7d@geocities.jp,Female,,$6670.77
267,Jeffryes,Gothart,gjeffryes7e@list-manage.com,Male,$4133.80,
268,Emerton,Sydel,semerton7f@mozilla.com,Female,,$8399.06
269,Matyugin,Rossie,rmatyugin7g@usgs.gov,Male,$2810.13,
270,Scobie,Mable,mscobie7h@toplist.cz,Female,$8532.32,
271,McLellan,Frank,fmclellan7i@ocn.ne.jp,Female,,$4653.75
272,Locarno,Torie,tlocarno7j@twitpic.com,Female,,$2508.21
273,McNess,Gae,gmcness7k@patch.com,Female,,$8393.47
274,Bennough,Margie,mbennough7l@360.cn,Female,$1349.70,
275,Lindegard,Ringo,rlindegard7m@aol.com,Male,,$8853.82
276,Torresi,Tadd,ttorresi7n@ucla.edu,Male,$5401.14,
277,Flute,Matthieu,mflute7o@reddit.com,Male,$7597.64,
278,Wilshire,Rusty,rwilshire7p@list-manage.com,Male,,$723.12
279,Snalom,Elizabeth,esnalom7q@mozilla.org,Female,$1824.13,
280,Regelous,Isador,iregelous7r@berkeley.edu,Male,,$243.72
281,Losseljong,Nicolina,nlosseljong7s@shutterfly.com,Female,,$5395.13
282,Kelleher,Bernie,bkelleher7t@wsj.com,Male,$6413.94,
283,Heinle,Derek,dheinle7u@google.fr,Male,,$9024.69
284,Scopyn,Jacquie,jscopyn7v@constantcontact.com,Female,$4243.18,
285,Houldin,Scotti,shouldin7w@netvibes.com,Male,$6313.51,
286,Wippermann,Fern,fwippermann7x@uol.com.br,Female,,$8360.32
287,Schimon,Laurie,lschimon7y@businesswire.com,Male,,$3972.28
288,Snare,Hally,hsnare7z@npr.org,Female,,$8661.52
289,Gulliver,Bert,bgulliver80@bbc.co.uk,Female,,$3005.16
290,Alpine,Merrill,malpine81@omniture.com,Male,$8238.36,
291,Agnew,Alfonso,aagnew82@cyberchimps.com,Male,,$5632.85
292,Carik,Nancee,ncarik83@bluehost.com,Female,$3305.71,
293,Arnaldo,Marthena,marnaldo84@icq.com,Female,,$1636.98
294,Greatorex,Cassi,cgreatorex85@360.cn,Female,,$9312.01
295,Kiss,Caryl,ckiss86@linkedin.com,Male,,$3017.40
296,Pollack,Marsha,mpollack87@bloglovin.com,Female,,$3190.97
297,Ridding,Felic,fridding88@friendfeed.com,Male,$7778.52,
298,Cuming,Gilles,gcuming89@patch.com,Male,$1284.75,
299,Anderbrugge,Hersh,handerbrugge8a@hatena.ne.jp,Male,$7827.61,
300,Halfhyde,Hendrik,hhalfhyde8b@tmall.com,Male,,$6321.90
301,Chesters,Sayre,schesters8c@sfgate.com,Male,,$1754.19
302,Hasser,Jeana,jhasser8d@google.it,Female,,$8377.30
303,Crutchley,Eward,ecrutchley8e@narod.ru,Male,$4751.93,
304,McKintosh,Cristy,cmckintosh8f@digg.com,Female,,$7142.45
305,Borley,Jervis,jborley8g@google.com.au,Male,,$4826.74
306,Stuke,Regan,rstuke8h@bloglovin.com,Male,,$8434.38
307,Fligg,Brittan,bfligg8i@dell.com,Female,$7846.48,
308,Arnatt,Minne,marnatt8j@techcrunch.com,Female,,$3701.85
309,Wherry,Rodd,rwherry8k@fc2.com,Male,,$9748.14
310,Maingot,Chevy,cmaingot8l@wordpress.org,Male,$4047.76,
311,Yetton,Lamond,lyetton8m@miibeian.gov.cn,Male,$357.35,
312,Coade,Kerrie,kcoade8n@google.it,Female,$7514.80,
313,Morforth,Rani,rmorforth8o@google.pl,Female,$6761.66,
314,Padberry,Moise,mpadberry8p@comcast.net,Male,,$6704.14
315,Gabbatiss,Artemas,agabbatiss8q@cisco.com,Male,$7405.66,
316,Galletly,Ruben,rgalletly8r@cdbaby.com,Male,,$4103.64
317,Stratford,Darren,dstratford8s@typepad.com,Male,$7831.73,
318,Faunch,Myles,mfaunch8t@ihg.com,Male,$2568.72,
319,Eastope,Madelon,meastope8u@slideshare.net,Female,,$8715.20
320,Towll,Grace,gtowll8v@cnn.com,Male,,$9323.99
321,Longhorn,Ronnie,rlonghorn8w@facebook.com,Female,$9632.17,
322,Kleinert,Jenine,jkleinert8x@simplemachines.org,Female,$3216.99,
323,Ruffler,Minnie,mruffler8y@sun.com,Female,$4082.33,
324,Eadon,Dill,deadon8z@joomla.org,Male,$2876.68,
325,Curnow,Arnuad,acurnow90@youku.com,Male,,$3893.38
326,MacClay,Padriac,pmacclay91@unc.edu,Male,$2111.88,
327,Fidgeon,Jedediah,jfidgeon92@loc.gov,Male,$9262.29,
328,Menlow,Alejandrina,amenlow93@stumbleupon.com,Female,,$2646.24
329,Enterle,Dukey,denterle94@yahoo.co.jp,Male,,$1132.29
330,Polfer,Wilma,wpolfer95@acquirethisname.com,Female,,$4809.98
331,Blackbourn,Germayne,gblackbourn96@cnet.com,Male,,$4811.98
332,Haggart,Tudor,thaggart97@mapy.cz,Male,$5313.90,
333,Thompson,Gennifer,gthompson98@smh.com.au,Female,,$5141.61
334,Shobbrook,Hubie,hshobbrook99@goo.ne.jp,Male,$5531.66,
335,Armand,Monroe,marmand9a@mashable.com,Male,,$8300.00
336,Lardier,Melinda,mlardier9b@topsy.com,Female,,$803.73
337,Roper,Jacob,jroper9c@ft.com,Male,,$1734.44
338,Grichukhin,Noelani,ngrichukhin9d@guardian.co.uk,Female,$1695.15,
339,Clingan,Lyndsay,lclingan9e@usatoday.com,Female,$1532.57,
340,Tupman,Chip,ctupman9f@imgur.com,Male,$211.13,
341,Robben,Sargent,srobben9g@buzzfeed.com,Male,$973.45,
342,Musgrove,Wilmette,wmusgrove9h@army.mil,Female,$602.62,
343,Dormon,Eric,edormon9i@marketwatch.com,Male,$3120.09,
344,Whooley,Ingamar,iwhooley9j@house.gov,Male,$4518.65,
345,Sunock,Sabrina,ssunock9k@wikia.com,Female,$1224.16,
346,Redsall,Claudius,credsall9l@e-recht24.de,Male,,$3039.26
347,Alti,Lorna,lalti9m@mail.ru,Female,,$9602.00
348,Edgars,Jerry,jedgars9n@hostgator.com,Male,$239.20,
349,Croizier,Elysia,ecroizier9o@sitemeter.com,Female,,$8461.30
350,Vevers,Erma,evevers9p@comcast.net,Female,$6760.57,
351,Telling,Tessie,ttelling9q@salon.com,Female,,$2809.27
352,Wittey,Antonie,awittey9r@stumbleupon.com,Female,,$3926.16
353,Babonau,Tonnie,tbabonau9s@theguardian.com,Male,,$6909.57
354,Hebblewhite,Ram,rhebblewhite9t@taobao.com,Male,,$8117.75
355,Maginn,Mersey,mmaginn9u@eventbrite.com,Female,,$5679.09
356,Fidoe,Fayth,ffidoe9v@topsy.com,Female,$7664.41,
357,Murtagh,Gard,gmurtagh9w@clickbank.net,Male,,$1105.72
358,Geekin,Axe,ageekin9x@shutterfly.com,Male,,$4635.20
359,Brodhead,Fiorenze,fbrodhead9y@dagondesign.com,Female,,$2240.78
360,Imms,Early,eimms9z@archive.org,Male,,$2833.21
361,Bursnell,Collete,cbursnella0@engadget.com,Female,$4460.57,
362,Muino,Roda,rmuinoa1@archive.org,Female,$6659.00,
363,De Malchar,Doroteya,ddemalchara2@stanford.edu,Female,$3338.68,
364,McAnellye,Phedra,pmcanellyea3@dailymotion.com,Female,$479.26,
365,Garrioch,Darnell,dgarriocha4@whitehouse.gov,Male,,$5132.22
366,Steffens,Ira,isteffensa5@wsj.com,Male,,$1198.43
367,Warricker,Farrah,fwarrickera6@comcast.net,Female,,$5568.08
368,Coalburn,Decca,dcoalburna7@apache.org,Male,,$6786.45
369,O'Murtagh,Leandra,lomurtagha8@github.io,Female,$532.13,
370,Lindhe,Torie,tlindhea9@altervista.org,Female,,$834.22
371,Massimo,Gabbie,gmassimoaa@unc.edu,Female,$2100.41,
372,Bhar,Reinhold,rbharab@apple.com,Male,$7174.43,
373,Harrison,Alena,aharrisonac@alexa.com,Female,,$2319.83
374,Taw,Thaxter,ttawad@artisteer.com,Male,,$4859.07
375,Backshaw,Chas,cbackshawae@netlog.com,Male,$4434.90,
376,Metham,Barrie,bmethamaf@bigcartel.com,Female,$4602.56,
377,Braisher,Madelene,mbraisherag@vkontakte.ru,Female,$4363.38,
378,Geldeard,Norman,ngeldeardah@istockphoto.com,Male,,$2139.93
379,Greening,Dilly,dgreeningai@tripod.com,Male,$9203.78,
380,Dightham,Lotta,ldighthamaj@ibm.com,Female,$9048.22,
381,Narey,Giacomo,gnareyak@odnoklassniki.ru,Male,$8727.21,
382,Loverock,Emmet,eloverockal@bluehost.com,Male,,$968.84
383,Sharrock,Saba,ssharrockam@goodreads.com,Female,,$7831.20
384,MacClure,Bethany,bmacclurean@jigsy.com,Female,,$832.52
385,Hearley,Wyn,whearleyao@webeden.co.uk,Male,$4014.44,
386,Woolmer,Ronnie,rwoolmerap@google.cn,Male,$888.39,
387,Hallaways,Alice,ahallawaysaq@narod.ru,Female,$6287.85,
388,Filppetti,Dall,dfilppettiar@etsy.com,Male,,$240.33
389,Chazier,Ferdinand,fchazieras@rediff.com,Male,,$6135.81
390,Rummery,Denni,drummeryat@go.com,Female,,$7779.42
391,Santorini,Barr,bsantoriniau@yelp.com,Male,$4493.02,
392,Lapidus,Aldous,alapidusav@t-online.de,Male,$1559.36,
393,Lukasik,Kimmie,klukasikaw@geocities.com,Female,$1346.05,
394,Warboy,Konstanze,kwarboyax@gmpg.org,Female,,$3171.32
395,Belchambers,Hammad,hbelchambersay@boston.com,Male,,$2723.30
396,Anders,Vail,vandersaz@creativecommons.org,Male,$6091.43,
397,Corkitt,Nonna,ncorkittb0@cbslocal.com,Female,$1453.50,
398,Pitman,Edgardo,epitmanb1@mapquest.com,Male,$560.19,
399,Bulluck,Viviyan,vbulluckb2@newyorker.com,Female,$1923.77,
400,Devote,Aryn,adevoteb3@gravatar.com,Female,,$5096.93
401,Weond,Dorothee,dweondb4@slashdot.org,Female,,$3930.81
402,Ruslin,Efrem,eruslinb5@google.com.au,Male,,$5224.13
403,Werrett,Jorey,jwerrettb6@oakley.com,Female,$5153.49,
404,Plascott,Lucais,lplascottb7@behance.net,Male,$1732.43,
405,Corkill,Rosemaria,rcorkillb8@indiatimes.com,Female,,$8621.36
406,Petts,Linnie,lpettsb9@harvard.edu,Female,,$9431.48
407,Hurdle,Orly,ohurdleba@hexun.com,Female,$8002.90,
408,Cocher,Sawyer,scocherbb@narod.ru,Male,,$1218.48
409,Hunnybun,Darcie,dhunnybunbc@aol.com,Female,$1714.76,
410,Dussy,Stu,sdussybd@blogs.com,Male,,$1665.13
411,Reeds,Vern,vreedsbe@cargocollective.com,Male,$2090.82,
412,Wyett,Allister,awyettbf@wikimedia.org,Male,$2752.16,
413,Harroll,Hayward,hharrollbg@comcast.net,Male,$6714.26,
414,Melesk,Benny,bmeleskbh@boston.com,Female,$3586.80,
415,Frediani,Darcie,dfredianibi@bluehost.com,Female,$5503.54,
416,Menicomb,Gregorius,gmenicombbj@patch.com,Male,,$8904.99
417,Scutt,Stevy,sscuttbk@blinklist.com,Male,,$3074.53
418,Thurlbeck,Falkner,fthurlbeckbl@4shared.com,Male,,$8816.73
419,Ginnane,Riki,rginnanebm@photobucket.com,Female,$1380.03,
420,Gamlin,Rivkah,rgamlinbn@fema.gov,Female,,$2226.42
421,MacGray,Mala,mmacgraybo@parallels.com,Female,,$9927.13
422,Scroxton,Whit,wscroxtonbp@163.com,Male,$5323.64,
423,Doylend,Sukey,sdoylendbq@angelfire.com,Female,,$1130.43
424,Delagnes,Collin,cdelagnesbr@tiny.cc,Male,$6980.33,
425,Hallgarth,Anjanette,ahallgarthbs@blogger.com,Female,$852.97,
426,Pinchen,Maryjane,mpinchenbt@mail.ru,Female,,$4354.72
427,Daton,Garrek,gdatonbu@ox.ac.uk,Male,$1727.25,
428,Piborn,Georgia,gpibornbv@tripadvisor.com,Female,$1222.73,
429,Morrant,Candace,cmorrantbw@reuters.com,Female,,$6615.92
430,Noah,Gavin,gnoahbx@bloglovin.com,Male,$5880.01,
431,Nobles,Janel,jnoblesby@acquirethisname.com,Female,$7218.46,
432,Jancy,Riordan,rjancybz@va.gov,Male,$3683.09,
433,Thorogood,Jan,jthorogoodc0@google.nl,Male,,$3118.37
434,Sposito,Violetta,vspositoc1@cam.ac.uk,Female,$4309.83,
435,Hunton,Charmion,chuntonc2@biglobe.ne.jp,Female,$1103.26,
436,Sermin,Guillermo,gserminc3@businessweek.com,Male,,$9869.13
437,Polin,Pauly,ppolinc4@networkadvertising.org,Female,$4725.45,
438,Hollyard,Rivkah,rhollyardc5@squarespace.com,Female,$3014.44,
439,Simonetto,Sheryl,ssimonettoc6@infoseek.co.jp,Female,$6032.80,
440,Savaage,Bernie,bsavaagec7@sogou.com,Male,,$1094.79
441,Jamison,Chevy,cjamisonc8@jalbum.net,Male,,$7012.91
442,Balma,Sawyere,sbalmac9@ycombinator.com,Male,$9570.29,
443,Culley,Rhody,rculleyca@51.la,Female,$1021.62,
444,Glynn,Deonne,dglynncb@microsoft.com,Female,,$4960.45
445,Bartleman,Elnar,ebartlemancc@chicagotribune.com,Male,$4344.04,
446,Weber,Alyson,awebercd@nba.com,Female,,$916.94
447,Burner,Jazmin,jburnerce@sina.com.cn,Female,$2923.01,
448,Tollit,Sammy,stollitcf@pinterest.com,Female,$1190.55,
449,Offord,Georges,goffordcg@techcrunch.com,Male,,$4680.45
450,Mathew,Hillel,hmathewch@paypal.com,Male,,$8485.50
451,Scargill,Boyce,bscargillci@creativecommons.org,Male,$8112.45,
452,de Savery,Johanna,jdesaverycj@dell.com,Female,,$9409.36
453,Geelan,Dario,dgeelanck@devhub.com,Male,$6799.90,
454,Kimblin,Clem,ckimblincl@china.com.cn,Male,$533.59,
455,Mattielli,Bentley,bmattiellicm@booking.com,Male,,$1396.65
456,Yantsurev,Rubia,ryantsurevcn@amazon.co.jp,Female,$4300.59,
457,Butting,Elna,ebuttingco@state.gov,Female,$7080.85,
458,Rennolds,Derk,drennoldscp@guardian.co.uk,Male,,$4946.02
459,Cheake,Skylar,scheakecq@photobucket.com,Male,,$4616.46
460,Bootherstone,Sheffield,sbootherstonecr@patch.com,Male,$5717.02,
461,Pillinger,Lanie,lpillingercs@webmd.com,Female,,$2549.13
462,Budge,Serene,sbudgect@typepad.com,Female,,$516.13
463,Jermy,Davis,djermycu@cnet.com,Male,,$6960.63
464,Heading,Teodor,theadingcv@dagondesign.com,Male,$1674.70,
465,Popley,Del,dpopleycw@cbc.ca,Female,$7305.25,
466,Ziemke,Ofella,oziemkecx@phoca.cz,Female,,$450.60
467,Kentwell,Ange,akentwellcy@yellowpages.com,Male,$3734.65,
468,Gilfoy,Fannie,fgilfoycz@fastcompany.com,Female,,$6334.76
469,Manuaud,Junie,jmanuaudd0@indiegogo.com,Female,,$9806.83
470,Lodden,Luz,lloddend1@barnesandnoble.com,Female,,$7577.22
471,Bernardotti,Rosy,rbernardottid2@independent.co.uk,Female,$2282.10,
472,Amber,Fran,famberd3@is.gd,Female,$4874.98,
473,Feltham,Abbott,afelthamd4@hao123.com,Male,,$8863.30
474,Iliffe,Skyler,siliffed5@addtoany.com,Male,,$6445.96
475,Shutler,Ollie,oshutlerd6@hugedomains.com,Male,$1160.25,
476,Mumbey,Sigmund,smumbeyd7@sciencedaily.com,Male,$2830.30,
477,Chafer,Levon,lchaferd8@comcast.net,Male,$616.30,
478,Clemon,Berkeley,bclemond9@angelfire.com,Male,$2932.49,
479,Sherwen,Bryant,bsherwenda@oaic.gov.au,Male,,$1725.29
480,Leighfield,Chickie,cleighfielddb@infoseek.co.jp,Female,,$9226.17
481,Jeannesson,Carlin,cjeannessondc@zimbio.com,Male,$7408.27,
482,Vandenhoff,Garth,gvandenhoffdd@si.edu,Male,,$7362.15
483,Gerge,Britni,bgergede@webs.com,Female,,$7053.63
484,Oxenford,Clayson,coxenforddf@pinterest.com,Male,,$8568.08
485,Ackland,Raeann,racklanddg@wsj.com,Female,,$5978.92
486,Tunnicliff,Dianne,dtunnicliffdh@blogspot.com,Female,,$5704.57
487,Lemerle,Melamie,mlemerledi@squarespace.com,Female,,$6126.09
488,Braidley,Florian,fbraidleydj@princeton.edu,Male,$4573.95,
489,Henighan,Jan,jhenighandk@oracle.com,Female,,$4554.78
490,Goldsworthy,Rodrigo,rgoldsworthydl@comsenz.com,Male,$4110.98,
491,Pickburn,Flossi,fpickburndm@etsy.com,Female,,$7211.50
492,Dottridge,Ruprecht,rdottridgedn@omniture.com,Male,,$6102.92
493,Schoolfield,Charlie,cschoolfielddo@tinypic.com,Male,$4348.77,
494,O'Hanlon,Dion,dohanlondp@usatoday.com,Female,$9165.07,
495,Pavelka,Eolanda,epavelkadq@cargocollective.com,Female,,$544.10
496,Echalier,Waylan,wechalierdr@yolasite.com,Male,$4886.05,
497,Bizzey,Korella,kbizzeyds@time.com,Female,$9429.60,
498,Winslet,Mickie,mwinsletdt@gravatar.com,Male,$4856.07,
499,Schmuhl,Johnathon,jschmuhldu@nature.com,Male,$2894.67,
500,Ridding,Addie,ariddingdv@columbia.edu,Female,$5452.03,
501,Porte,Nerti,nportedw@mit.edu,Female,$6947.49,
502,Lukock,Lynne,llukockdx@wordpress.com,Female,,$2777.95
503,Amiss,Harper,hamissdy@bing.com,Male,,$1760.71
504,McKall,Wang,wmckalldz@cdc.gov,Male,,$7033.25
505,Stanhope,Alex,astanhopee0@illinois.edu,Male,,$4177.24
506,Bathowe,Eddy,ebathowee1@dailymail.co.uk,Female,$483.64,
507,Wildash,Marsh,mwildashe2@mysql.com,Male,,$977.89
508,Wermerling,Teodor,twermerlinge3@hatena.ne.jp,Male,,$1099.28
509,Depper,Joseito,jdeppere4@wp.com,Male,,$2128.54
510,Yakobovitz,Anestassia,ayakobovitze5@google.nl,Female,,$4257.51
511,Yegorchenkov,Aeriell,ayegorchenkove6@ucsd.edu,Female,,$4129.68
512,Micheu,Lorrin,lmicheue7@uiuc.edu,Female,,$8466.72
513,Eyton,Roanne,reytone8@icio.us,Female,,$9929.71
514,Goshawk,Martguerita,mgoshawke9@nymag.com,Female,,$7386.95
515,Brearton,Kakalina,kbreartonea@cam.ac.uk,Female,$5185.42,
516,Glyde,Monah,mglydeeb@moonfruit.com,Female,,$7567.23
517,Maidment,Garnette,gmaidmentec@jiathis.com,Female,,$6454.44
518,Vinsen,Wynny,wvinsened@marketwatch.com,Female,$3227.52,
519,Dunbobin,Kelsey,kdunbobinee@china.com.cn,Male,,$8240.64
520,Chaffe,Feliza,fchaffeef@livejournal.com,Female,$841.73,
521,Deely,Gerrie,gdeelyeg@oracle.com,Female,,$964.46
522,Rouzet,Kaleena,krouzeteh@rakuten.co.jp,Female,,$9747.88
523,Mattessen,Rafi,rmattessenei@alexa.com,Male,,$9529.37
524,Lowater,Thalia,tlowaterej@admin.ch,Female,,$4268.99
525,Culverhouse,Tomasina,tculverhouseek@scribd.com,Female,$3937.43,
526,Charge,Berkly,bchargeel@angelfire.com,Male,$7866.89,
527,Di Napoli,Wyatt,wdinapoliem@ihg.com,Male,$6334.11,
528,Mohamed,Brett,bmohameden@nasa.gov,Female,,$515.60
529,Wigin,Kameko,kwigineo@dyndns.org,Female,$1945.35,
530,Shervil,Lorain,lshervilep@rambler.ru,Female,$1247.99,
531,Jolliss,Trefor,tjollisseq@plala.or.jp,Male,,$6553.94
532,Hanscomb,Erhart,ehanscomber@posterous.com,Male,$3913.66,
533,Lammie,Evelyn,elammiees@amazon.com,Female,$7845.89,
534,Kmieciak,Trixy,tkmieciaket@buzzfeed.com,Female,,$2234.05
535,Rozenbaum,Earlie,erozenbaumeu@com.com,Male,,$8597.37
536,Ingerith,Annette,aingerithev@bravesites.com,Female,,$9586.32
537,Stinton,Waverley,wstintonew@go.com,Male,,$651.94
538,McIlroy,Ferdinand,fmcilroyex@independent.co.uk,Male,,$4238.85
539,Troake,Udell,utroakeey@indiegogo.com,Male,$7506.41,
540,Seargeant,Angy,aseargeantez@creativecommons.org,Female,$9361.71,
541,Pretor,Garald,gpretorf0@usgs.gov,Male,,$8005.48
542,Bold,Reese,rboldf1@macromedia.com,Male,,$9595.02
543,Connerly,Urbano,uconnerlyf2@icq.com,Male,$7371.32,
544,Jorden,Marcos,mjordenf3@unc.edu,Male,,$9828.57
545,Garvey,Bell,bgarveyf4@si.edu,Female,,$4698.49
546,Gilchrist,Fletcher,fgilchristf5@free.fr,Male,,$9446.23
547,Cleveley,Ronni,rcleveleyf6@samsung.com,Female,,$6239.22
548,Good,Gun,ggoodf7@sakura.ne.jp,Male,$7422.02,
549,Hewins,Nil,nhewinsf8@shop-pro.jp,Male,$7008.23,
550,Kless,Sharline,sklessf9@storify.com,Female,$8999.03,
551,Kleynermans,Alis,akleynermansfa@unesco.org,Female,,$8401.06
552,Hollows,Tania,thollowsfb@angelfire.com,Female,$2423.27,
553,Coppeard,Henry,hcoppeardfc@senate.gov,Male,,$1978.06
554,Fforde,Levey,lffordefd@telegraph.co.uk,Male,,$5741.95
555,Biggam,Melvin,mbiggamfe@army.mil,Male,,$5507.93
556,Gambell,Cam,cgambellff@google.es,Female,,$3645.94
557,Burchard,Graehme,gburchardfg@hp.com,Male,,$6990.28
558,Nutkins,Trstram,tnutkinsfh@reuters.com,Male,,$9139.67
559,Trewinnard,Margery,mtrewinnardfi@mediafire.com,Female,,$2848.66
560,Izatson,Waylon,wizatsonfj@skype.com,Male,,$4654.73
561,Ridsdale,Sherman,sridsdalefk@barnesandnoble.com,Male,$7099.49,
562,Rolfe,Marsha,mrolfefl@i2i.jp,Female,$514.76,
563,Glasscock,Sigmund,sglasscockfm@godaddy.com,Male,$6841.61,
564,Forlonge,Amara,aforlongefn@shop-pro.jp,Female,,$3481.55
565,Lawdham,Parrnell,plawdhamfo@japanpost.jp,Male,$3823.65,
566,Akers,Lina,lakersfp@businessinsider.com,Female,,$6931.93
567,Strangeways,Wilhelmine,wstrangewaysfq@cargocollective.com,Female,$3775.80,
568,Dusting,Kalindi,kdustingfr@weebly.com,Female,,$5305.19
569,Faers,Nickolas,nfaersfs@google.cn,Male,$7968.61,
570,Brilleman,Frasier,fbrillemanft@alexa.com,Male,$8753.64,
571,Ewer,Celie,cewerfu@storify.com,Female,$8994.91,
572,Twittey,Vivia,vtwitteyfv@redcross.org,Female,$2534.10,
573,McVittie,Durand,dmcvittiefw@kickstarter.com,Male,,$2358.97
574,Fulstow,Wye,wfulstowfx@yale.edu,Male,$1293.52,
575,Luciano,Konrad,klucianofy@cmu.edu,Male,$8543.99,
576,Ismead,Meggi,mismeadfz@cbsnews.com,Female,$4317.93,
577,Wollen,Rutledge,rwolleng0@flavors.me,Male,$667.88,
578,Blanque,Ahmed,ablanqueg1@prnewswire.com,Male,$8568.10,
579,Jina,Sansone,sjinag2@baidu.com,Male,$4589.14,
580,Romi,Gerhardine,gromig3@huffingtonpost.com,Female,$8744.94,
581,Caltun,Betta,bcaltung4@example.com,Female,,$7904.68
582,Doull,Rhoda,rdoullg5@msn.com,Female,$6957.42,
583,Moverley,Estevan,emoverleyg6@usa.gov,Male,,$6270.11
584,Brabyn,Sherie,sbrabyng7@umn.edu,Female,$9634.91,
585,June,Aleece,ajuneg8@archive.org,Female,,$4484.77
586,McKeag,Fidelity,fmckeagg9@cam.ac.uk,Female,,$300.45
587,Parramore,Lucille,lparramorega@bizjournals.com,Female,$4432.71,
588,Extal,Zollie,zextalgb@indiatimes.com,Male,,$9917.82
589,Cinderey,Gabi,gcindereygc@friendfeed.com,Female,,$2857.78
590,Corhard,Mimi,mcorhardgd@paypal.com,Female,,$4392.13
591,Mattioni,Tamiko,tmattionige@hc360.com,Female,$5865.03,
592,Skone,Cristen,cskonegf@blogtalkradio.com,Female,,$6290.22
593,Saddler,Mame,msaddlergg@paginegialle.it,Female,,$8168.57
594,Edgell,Lara,ledgellgh@jugem.jp,Female,,$3734.25
595,McMenamin,Kirk,kmcmenamingi@wikipedia.org,Male,,$3383.30
596,Moulster,Nelson,nmoulstergj@yahoo.com,Male,,$9063.98
597,Deans,Alexio,adeansgk@dailymotion.com,Male,$4672.01,
598,Vischi,Kath,kvischigl@jiathis.com,Female,$3154.91,
599,Jarmain,Teri,tjarmaingm@issuu.com,Female,,$3814.08
600,Livens,Ogden,olivensgn@phpbb.com,Male,,$5344.52
601,McFadzean,Neysa,nmcfadzeango@ihg.com,Female,$4252.60,
602,Bamborough,Thedric,tbamboroughgp@alexa.com,Male,$986.11,
603,Risbrough,Tull,trisbroughgq@gizmodo.com,Male,,$4456.73
604,Albinson,Phyllys,palbinsongr@examiner.com,Female,,$2049.75
605,Rennles,Maximo,mrennlesgs@google.ru,Male,$4192.78,
606,Lodford,Ron,rlodfordgt@yahoo.com,Male,,$2328.52
607,Forstall,Carlie,cforstallgu@istockphoto.com,Male,$2757.35,
608,McNickle,Howey,hmcnicklegv@phpbb.com,Male,,$8126.32
609,Ponde,Keri,kpondegw@ebay.co.uk,Female,$2869.92,
610,Grady,Jamima,jgradygx@addthis.com,Female,$9450.82,
611,Witherspoon,Lia,lwitherspoongy@ow.ly,Female,$4300.77,
612,Oakman,Dukie,doakmangz@hostgator.com,Male,$2924.57,
613,Bligh,Rani,rblighh0@flickr.com,Female,$5429.81,
614,Hammarberg,Irma,ihammarbergh1@columbia.edu,Female,,$8972.77
615,Cowern,Emelda,ecowernh2@blinklist.com,Female,$8017.37,
616,Szimon,Herold,hszimonh3@wikipedia.org,Male,,$3876.30
617,Guite,Duke,dguiteh4@hao123.com,Male,,$8249.54
618,Rosendorf,Mord,mrosendorfh5@cornell.edu,Male,$4791.17,
619,Binford,Marty,mbinfordh6@feedburner.com,Female,$2725.41,
620,Shuttell,Leoline,lshuttellh7@lulu.com,Female,$4435.78,
621,Service,Donnell,dserviceh8@bizjournals.com,Male,$8682.69,
622,Embleton,Winna,wembletonh9@sakura.ne.jp,Female,$4743.04,
623,Haselup,Garey,ghaselupha@simplemachines.org,Male,,$9109.09
624,Tudge,Birk,btudgehb@theguardian.com,Male,,$8138.42
625,Broggio,Gaye,gbroggiohc@upenn.edu,Female,$4106.09,
626,Aggs,Ezekiel,eaggshd@biglobe.ne.jp,Male,,$9873.08
627,Priditt,Clarinda,cpriditthe@pagesperso-orange.fr,Female,,$7092.77
628,Kitto,Cos,ckittohf@webeden.co.uk,Male,$3472.78,
629,Penkethman,Jasper,jpenkethmanhg@sfgate.com,Male,$5319.23,
630,Apple,Belle,bapplehh@youku.com,Female,,$9748.33
631,Rathmell,Natalee,nrathmellhi@reverbnation.com,Female,$6474.79,
632,Favey,Britni,bfaveyhj@google.es,Female,$2094.27,
633,Blow,Milo,mblowhk@kickstarter.com,Male,,$8132.54
634,Goodge,Elwood,egoodgehl@statcounter.com,Male,,$2603.46
635,Pestor,Kalle,kpestorhm@arizona.edu,Male,$4700.76,
636,Doornbos,Kat,kdoornboshn@163.com,Female,,$5739.34
637,Schruyers,Cosme,cschruyersho@statcounter.com,Male,$4870.70,
638,Eldin,Antonina,aeldinhp@usnews.com,Female,,$988.71
639,More,Fenelia,fmorehq@drupal.org,Female,$9655.21,
640,Colleymore,Clarice,ccolleymorehr@yellowbook.com,Female,,$2647.74
641,Dongate,Sayre,sdongatehs@hostgator.com,Male,$4052.81,
642,Torbet,Tully,ttorbetht@techcrunch.com,Male,,$5274.20
643,Cady,Christabel,ccadyhu@t-online.de,Female,,$8194.03
644,Jirick,Keefer,kjirickhv@prnewswire.com,Male,,$1435.76
645,Klemencic,Nata,nklemencichw@photobucket.com,Female,$3681.30,
646,Anneslie,Flossie,fannesliehx@unc.edu,Female,,$544.49
647,August,Rosaleen,raugusthy@house.gov,Female,,$2647.64
648,Farnill,Helenelizabeth,hfarnillhz@eventbrite.com,Female,$5713.84,
649,Bloyes,Giovanna,gbloyesi0@sourceforge.net,Female,$1891.84,
650,Pepper,Cody,cpepperi1@github.io,Female,,$3273.45
651,Gethins,Rachele,rgethinsi2@mayoclinic.com,Female,$1991.67,
652,Swyndley,Alisun,aswyndleyi3@ftc.gov,Female,,$8980.79
653,Shimmings,Barry,bshimmingsi4@ehow.com,Female,,$5887.15
654,Bellsham,Kristyn,kbellshami5@shutterfly.com,Female,$6302.75,
655,Kydd,Livvyy,lkyddi6@furl.net,Female,$7704.94,
656,Roston,Joyann,jrostoni7@kickstarter.com,Female,,$7687.84
657,Bullock,Court,cbullocki8@aboutads.info,Male,,$6572.71
658,Meneux,Cora,cmeneuxi9@wired.com,Female,,$8317.07
659,Slamaker,Arel,aslamakeria@aol.com,Male,,$5101.92
660,Hartridge,Meryl,mhartridgeib@house.gov,Female,$9682.41,
661,Lidster,Damien,dlidsteric@biblegateway.com,Male,,$9292.11
662,Hardwin,Trumaine,thardwinid@fc2.com,Male,$2956.12,
663,Burney,Brien,bburneyie@mozilla.org,Male,,$6389.33
664,McVaugh,Leeland,lmcvaughif@google.com.hk,Male,$2953.89,
665,MacClure,Denice,dmacclureig@github.com,Female,,$8693.09
666,Strass,Fran,fstrassih@myspace.com,Male,,$6788.73
667,Planke,Camella,cplankeii@wsj.com,Female,,$3328.81
668,Horlick,Rana,rhorlickij@mysql.com,Female,$9002.83,
669,Malloy,Dayna,dmalloyik@facebook.com,Female,,$6681.01
670,Pinhorn,Julietta,jpinhornil@go.com,Female,,$4412.89
671,Tumielli,Cilka,ctumielliim@rambler.ru,Female,,$7126.36
672,Kiffin,Jodie,jkiffinin@csmonitor.com,Male,$827.96,
673,Currin,Margy,mcurrinio@netlog.com,Female,$3841.28,
674,Gimblet,Binnie,bgimbletip@java.com,Female,,$4429.67
675,Ainslee,Janean,jainsleeiq@weather.com,Female,$2103.78,
676,Synke,Elita,esynkeir@statcounter.com,Female,$9447.61,
677,Mayfield,Andreas,amayfieldis@cornell.edu,Male,,$3422.48
678,Verne,Vick,vverneit@weebly.com,Male,$3641.66,
679,Valente,Tomasine,tvalenteiu@i2i.jp,Female,$9406.69,
680,Eastridge,Iolanthe,ieastridgeiv@cdbaby.com,Female,,$1423.75
681,Grene,Ole,ogreneiw@plala.or.jp,Male,,$4146.68
682,McCrone,Valentin,vmccroneix@feedburner.com,Male,$2227.60,
683,Armatys,Eliot,earmatysiy@hostgator.com,Male,,$5363.04
684,Beach,Sheffie,sbeachiz@bloomberg.com,Male,$4129.41,
685,Claridge,Lottie,lclaridgej0@imgur.com,Female,,$2223.36
686,Agate,Eric,eagatej1@naver.com,Male,$1831.63,
687,Ben-Aharon,Gabby,gbenaharonj2@miitbeian.gov.cn,Male,$7681.72,
688,Crossan,Charmaine,ccrossanj3@redcross.org,Female,,$8668.07
689,Raselles,Jsandye,jrasellesj4@bbc.co.uk,Female,$1563.66,
690,Mutimer,Silas,smutimerj5@ovh.net,Male,,$7370.05
691,Ceaser,Shanie,sceaserj6@cbc.ca,Female,,$9955.75
692,Bamlett,Tarah,tbamlettj7@nifty.com,Female,$735.67,
693,Janic,Juliette,jjanicj8@gmpg.org,Female,$4512.44,
694,Fevers,Natalina,nfeversj9@quantcast.com,Female,$3149.47,
695,Topliss,Demetre,dtoplissja@facebook.com,Male,,$976.18
696,Poulgreen,Aura,apoulgreenjb@jiathis.com,Female,,$3874.48
697,Braben,Verge,vbrabenjc@usgs.gov,Male,$8184.73,
698,Stebles,Reinaldos,rsteblesjd@globo.com,Male,,$5388.93
699,Tinwell,Blane,btinwellje@umn.edu,Male,,$6821.39
700,Whiscard,Hobey,hwhiscardjf@netlog.com,Male,$3976.24,
701,Palek,Shari,spalekjg@ovh.net,Female,$3954.83,
702,Doerr,Clara,cdoerrjh@adobe.com,Female,,$5965.17
703,Hedgeman,Mallory,mhedgemanji@is.gd,Male,,$2060.89
704,Battey,Gusti,gbatteyjj@utexas.edu,Female,,$6353.81
705,Cranke,Kerry,kcrankejk@nyu.edu,Male,,$2878.92
706,Hattigan,Will,whattiganjl@dagondesign.com,Male,,$5249.51
707,Wallas,Berty,bwallasjm@ask.com,Female,$7394.68,
708,Ingleby,Gino,ginglebyjn@redcross.org,Male,,$4525.29
709,Filippazzo,Franny,ffilippazzojo@canalblog.com,Male,$6909.62,
710,Jeannel,Mariquilla,mjeanneljp@businessweek.com,Female,,$1675.04
711,Fish,Boyce,bfishjq@merriam-webster.com,Male,,$3743.73
712,Pignon,Marysa,mpignonjr@marriott.com,Female,$5141.97,
713,Moyce,Leonerd,lmoycejs@psu.edu,Male,,$1538.11
714,O'Shevlin,Kelsi,koshevlinjt@nba.com,Female,$2714.47,
715,Demaid,Sigismondo,sdemaidju@eventbrite.com,Male,$3901.44,
716,Prew,Kellina,kprewjv@indiegogo.com,Female,$1547.24,
717,Farrans,Jillene,jfarransjw@seesaa.net,Female,$2527.23,
718,Speer,Lyle,lspeerjx@usa.gov,Male,,$8058.85
719,Southers,Dorice,dsouthersjy@tripadvisor.com,Female,$8313.79,
720,Folini,Vail,vfolinijz@wiley.com,Male,,$7364.50
721,Petford,Delmore,dpetfordk0@symantec.com,Male,,$8925.62
722,Melarkey,Garth,gmelarkeyk1@free.fr,Male,$9211.61,
723,Napoleon,Nollie,nnapoleonk2@senate.gov,Female,,$5762.55
724,Herion,Eada,eherionk3@virginia.edu,Female,,$1326.05
725,Gorelli,Elmo,egorellik4@comcast.net,Male,$4836.35,
726,MacCard,Irwin,imaccardk5@shutterfly.com,Male,$6856.23,
727,Duffield,Lianne,lduffieldk6@paginegialle.it,Female,,$141.84
728,Scrowson,Nikolaus,nscrowsonk7@mac.com,Male,$4473.99,
729,Rubke,Winna,wrubkek8@cisco.com,Female,,$9524.79
730,Sandercroft,Lane,lsandercroftk9@comsenz.com,Female,$7382.92,
731,Ioan,Nikaniki,nioanka@reddit.com,Female,$774.47,
732,Lafond,Wainwright,wlafondkb@blinklist.com,Male,$4512.33,
733,Paley,Lesley,lpaleykc@pen.io,Male,,$4008.51
734,Shevell,Wilbur,wshevellkd@linkedin.com,Male,,$442.18
735,Richold,Melodie,mricholdke@purevolume.com,Female,$8255.16,
736,Battill,Bat,bbattillkf@google.ca,Male,$6679.15,
737,Maevela,Kym,kmaevelakg@technorati.com,Female,$3360.10,
738,Catcheside,Gloriana,gcatchesidekh@toplist.cz,Female,$8564.61,
739,Daens,Klemens,kdaenski@posterous.com,Male,,$572.72
740,Brimming,Donella,dbrimmingkj@usgs.gov,Female,$3136.10,
741,Randlesome,Byron,brandlesomekk@google.ca,Male,,$8715.57
742,Larmett,Demetria,dlarmettkl@hubpages.com,Female,$9614.23,
743,Edon,Roscoe,redonkm@wunderground.com,Male,$3094.82,
744,Cortez,Michel,mcortezkn@fastcompany.com,Female,,$1012.45
745,Bage,Pamela,pbageko@nytimes.com,Female,,$8351.86
746,Menichi,Kassandra,kmenichikp@plala.or.jp,Female,,$9273.84
747,Filipiak,Johann,jfilipiakkq@smh.com.au,Male,,$6923.28
748,Engel,Marc,mengelkr@cnn.com,Male,,$5736.51
749,Wharf,Maisey,mwharfks@angelfire.com,Female,$9792.57,
750,Eagleton,Junia,jeagletonkt@bbb.org,Female,$5448.68,
751,Tasseler,Jessika,jtasselerku@ask.com,Female,$9452.62,
752,Ingraham,Amalia,aingrahamkv@biglobe.ne.jp,Female,,$439.22
753,Koubu,Mattie,mkoubukw@cbsnews.com,Male,$7456.24,
754,Karadzas,Fancie,fkaradzaskx@php.net,Female,$3064.55,
755,Glackin,Anatollo,aglackinky@google.co.jp,Male,,$537.78
756,Kesteven,Ruben,rkestevenkz@dailymail.co.uk,Male,,$9611.64
757,Merrell,Daryle,dmerrelll0@msn.com,Male,,$350.84
758,Preble,Tildie,tpreblel1@netscape.com,Female,$807.35,
759,Jahndel,Fletch,fjahndell2@nymag.com,Male,,$4816.66
760,Hutable,Lorette,lhutablel3@google.com.au,Female,$9454.64,
761,Ambrogioli,Mireielle,mambrogiolil4@phpbb.com,Female,,$1800.62
762,Penman,Lotta,lpenmanl5@php.net,Female,$6597.52,
763,Thorneywork,Mitch,mthorneyworkl6@wired.com,Male,,$9253.02
764,Hamby,Jaine,jhambyl7@telegraph.co.uk,Female,,$3309.57
765,Facer,Anissa,afacerl8@wired.com,Female,,$9654.94
766,Jaquemar,Emmalyn,ejaquemarl9@redcross.org,Female,,$4424.92
767,McMorran,Cyrille,cmcmorranla@apple.com,Male,,$9583.18
768,Allone,Leanna,lallonelb@macromedia.com,Female,$9004.46,
769,Sibborn,Cristian,csibbornlc@imageshack.us,Male,$6913.44,
770,Bird,Kim,kbirdld@github.com,Female,,$5081.22
771,Quarton,Laina,lquartonle@wikispaces.com,Female,,$439.82
772,Codling,Anny,acodlinglf@angelfire.com,Female,,$7180.81
773,Gonzalvo,Birch,bgonzalvolg@ow.ly,Male,,$3014.98
774,Reavell,Lorene,lreavelllh@comsenz.com,Female,$3598.90,
775,Maryan,Clyve,cmaryanli@oaic.gov.au,Male,$886.21,
776,Sahlstrom,Kerry,ksahlstromlj@springer.com,Female,,$5356.44
777,Gall,Andree,agalllk@google.it,Female,,$8284.00
778,Coldwell,Claire,ccoldwellll@networksolutions.com,Male,$3656.86,
779,Sinnock,Amity,asinnocklm@goodreads.com,Female,$5803.50,
780,Woollcott,Loutitia,lwoollcottln@google.ca,Female,$9385.10,
781,Roller,Alasdair,arollerlo@netvibes.com,Male,,$8606.92
782,Basden,Grant,gbasdenlp@miitbeian.gov.cn,Male,,$1782.53
783,Gatenby,Loleta,lgatenbylq@desdev.cn,Female,,$9307.96
784,Madoc-Jones,Hurleigh,hmadocjoneslr@twitpic.com,Male,$2669.56,
785,Gepheart,Reg,rgepheartls@51.la,Male,,$3641.81
786,Morby,Ichabod,imorbylt@tamu.edu,Male,$292.51,
787,Kayes,Gabriella,gkayeslu@arstechnica.com,Female,,$8155.15
788,Briar,Hamel,hbriarlv@webnode.com,Male,,$9667.57
789,Philbin,Maxwell,mphilbinlw@unesco.org,Male,$8662.80,
790,Scutchin,Merell,mscutchinlx@mit.edu,Male,$9241.77,
791,Bolzen,Darb,dbolzenly@usa.gov,Female,,$3603.35
792,Rishman,Karin,krishmanlz@twitpic.com,Female,,$7573.37
793,Hugk,Ray,rhugkm0@mac.com,Female,,$1571.07
794,Chatt,Gareth,gchattm1@illinois.edu,Male,,$5990.06
795,Spread,Mikael,mspreadm2@jigsy.com,Male,$7075.22,
796,Paz,Neale,npazm3@spotify.com,Male,$4059.64,
797,Vitler,Arthur,avitlerm4@devhub.com,Male,,$5068.28
798,Garlic,Alford,agarlicm5@1688.com,Male,$4651.45,
799,Leveritt,Blondie,bleverittm6@cnbc.com,Female,,$6559.68
800,Du Hamel,Osbert,oduhamelm7@ucoz.com,Male,,$5174.75
801,Lung,Margi,mlungm8@cyberchimps.com,Female,$8152.08,
802,Stading,Kin,kstadingm9@usnews.com,Male,$5338.06,
803,Bussens,Hyacintha,hbussensma@accuweather.com,Female,$213.87,
804,Sinkin,Katalin,ksinkinmb@biglobe.ne.jp,Female,$9118.52,
805,Teresa,Felecia,fteresamc@wisc.edu,Female,$2886.52,
806,Odegaard,Archambault,aodegaardmd@weather.com,Male,$4176.76,
807,Rahill,Bernadene,brahillme@nytimes.com,Female,,$3947.35
808,Wimp,Catriona,cwimpmf@imgur.com,Female,$8651.12,
809,Wallett,Anselm,awallettmg@springer.com,Male,,$5312.57
810,Rogez,Emalee,erogezmh@last.fm,Female,$7637.77,
811,Ellerker,Fidelio,fellerkermi@netvibes.com,Male,,$2002.35
812,Wife,Rufe,rwifemj@e-recht24.de,Male,$7480.83,
813,Sopp,Ferdinand,fsoppmk@gravatar.com,Male,,$7839.97
814,Reppaport,Alix,areppaportml@cornell.edu,Male,,$5696.02
815,Froom,Silvanus,sfroommm@infoseek.co.jp,Male,,$7184.57
816,Cattemull,Ewen,ecattemullmn@geocities.com,Male,$7060.23,
817,Folke,Nicolas,nfolkemo@is.gd,Male,$1981.36,
818,McMarquis,Stanton,smcmarquismp@usa.gov,Male,$657.41,
819,Rennix,Alphonso,arennixmq@google.fr,Male,$2876.46,
820,Simmens,Rasla,rsimmensmr@surveymonkey.com,Female,,$4523.92
821,Smartman,Milt,msmartmanms@webs.com,Male,,$6471.94
822,Duck,Renaldo,rduckmt@salon.com,Male,,$9957.68
823,Slewcock,Boyce,bslewcockmu@yelp.com,Male,$1125.50,
824,Gobolos,Kaye,kgobolosmv@vk.com,Female,,$4243.16
825,Bissatt,Kira,kbissattmw@domainmarket.com,Female,$4952.46,
826,Jozwiak,Gage,gjozwiakmx@imgur.com,Male,,$6955.16
827,Simonian,Goldy,gsimonianmy@dagondesign.com,Female,,$2337.02
828,Aspinall,Alexa,aaspinallmz@nsw.gov.au,Female,$758.16,
829,Bend,Che,cbendn0@eventbrite.com,Male,$9342.57,
830,Shemmans,Rosina,rshemmansn1@jiathis.com,Female,$4679.31,
831,Gerriet,Glyn,ggerrietn2@devhub.com,Female,,$1523.39
832,Algar,Gibby,galgarn3@japanpost.jp,Male,,$1890.96
833,Yousef,Mollie,myousefn4@dion.ne.jp,Female,,$5415.59
834,Horick,Pippo,phorickn5@wired.com,Male,$7635.29,
835,De Launde,Pierette,pdelaunden6@biblegateway.com,Female,$9398.93,
836,Dunbavin,Cal,cdunbavinn7@icq.com,Female,,$5217.15
837,Shillam,Olwen,oshillamn8@g.co,Female,$9092.77,
838,Cesaric,Merell,mcesaricn9@about.me,Male,$1004.85,
839,Buxcey,Terrie,tbuxceyna@upenn.edu,Female,$4211.15,
840,Gabbidon,Ruy,rgabbidonnb@prweb.com,Male,,$5911.52
841,Veronique,Gigi,gveroniquenc@diigo.com,Female,$6386.83,
842,Trippett,Wally,wtrippettnd@paypal.com,Male,,$7499.43
843,Danshin,Aurelea,adanshinne@imageshack.us,Female,,$8029.78
844,Plaice,Torry,tplaicenf@nature.com,Male,,$4554.70
845,Howie,Pembroke,phowieng@cmu.edu,Male,$7282.27,
846,Snaddon,Blaine,bsnaddonnh@jalbum.net,Male,,$5538.21
847,Furnell,Maye,mfurnellni@businessinsider.com,Female,$4877.88,
848,Huddart,Uri,uhuddartnj@com.com,Male,,$6449.59
849,Feldmark,Felicle,ffeldmarknk@hostgator.com,Female,$2637.25,
850,Stoffels,Malchy,mstoffelsnl@skype.com,Male,,$9308.11
851,Ullock,Rebecka,rullocknm@nsw.gov.au,Female,,$7710.97
852,Bowling,Kimbra,kbowlingnn@wikimedia.org,Female,,$4211.31
853,Braidman,Glori,gbraidmanno@chron.com,Female,,$4344.77
854,Shillitto,Bink,bshillittonp@weebly.com,Male,,$7794.03
855,Keunemann,Karyl,kkeunemannnq@cnbc.com,Female,$8173.25,
856,Tames,Allx,atamesnr@yahoo.com,Female,,$2611.28
857,Sherington,Freemon,fsheringtonns@163.com,Male,,$6623.72
858,Knoles,Josh,jknolesnt@zdnet.com,Male,$1321.11,
859,Deeman,Merrilee,mdeemannu@fema.gov,Female,,$6069.94
860,Rosencrantz,Myron,mrosencrantznv@infoseek.co.jp,Male,$1799.58,
861,Sealeaf,Aurelia,asealeafnw@google.es,Female,$780.55,
862,Maylam,Teriann,tmaylamnx@networksolutions.com,Female,$6368.01,
863,Camlin,Carly,ccamlinny@theglobeandmail.com,Male,$4092.48,
864,Niesegen,Johnny,jniesegennz@fc2.com,Male,,$409.36
865,Seabon,Enoch,eseabono0@slashdot.org,Male,,$8867.87
866,Londing,Kissiah,klondingo1@tiny.cc,Female,,$2441.44
867,Lyard,Micky,mlyardo2@goodreads.com,Female,,$1795.82
868,Plank,Lewie,lplanko3@reuters.com,Male,,$3412.59
869,Milroy,Felice,fmilroyo4@msn.com,Female,,$6141.47
870,Lugden,Johnathon,jlugdeno5@over-blog.com,Male,$7523.80,
871,Crockley,Sayre,scrockleyo6@wiley.com,Female,,$480.55
872,Staig,Melesa,mstaigo7@arizona.edu,Female,$8863.54,
873,Gandey,Sheba,sgandeyo8@dailymail.co.uk,Female,$884.58,
874,Klementz,Temple,tklementzo9@cloudflare.com,Male,,$3460.06
875,Chippindall,Sarajane,schippindalloa@amazon.com,Female,,$4660.16
876,Rouge,Anjela,arougeob@huffingtonpost.com,Female,,$5160.75
877,Sproston,Gwynne,gsprostonoc@bloomberg.com,Female,,$6861.45
878,Gorman,Papageno,pgormanod@opera.com,Male,,$2433.88
879,Haughan,Dacy,dhaughanoe@macromedia.com,Female,$5399.69,
880,Bayliss,Rodina,rbaylissof@yale.edu,Female,$8897.86,
881,Lotze,Page,plotzeog@google.com.br,Female,$7304.39,
882,Shakelady,Waldemar,wshakeladyoh@ebay.co.uk,Male,,$2307.76
883,Yakebovich,Trish,tyakebovichoi@yahoo.co.jp,Female,,$9003.26
884,Andrelli,Bobinette,bandrellioj@arizona.edu,Female,$3103.60,
885,Andreasen,Jamaal,jandreasenok@salon.com,Male,,$756.06
886,Fareweather,Louisette,lfareweatherol@e-recht24.de,Female,$2474.18,
887,Gosalvez,Dorita,dgosalvezom@senate.gov,Female,$8465.97,
888,McCrudden,Joletta,jmccruddenon@lycos.com,Female,$9995.07,
889,Melin,Land,lmelinoo@goodreads.com,Male,,$257.53
890,Toffolini,Ariel,atoffoliniop@google.co.jp,Male,$6223.39,
891,Yuryev,Barr,byuryevoq@si.edu,Male,$3900.10,
892,Laffan,Cathe,claffanor@jimdo.com,Female,$3242.14,
893,Birkinshaw,Rikki,rbirkinshawos@cbc.ca,Male,$6542.23,
894,Riccardini,Ruben,rriccardiniot@ustream.tv,Male,$5101.68,
895,Gerraty,Gunter,ggerratyou@bandcamp.com,Male,,$1519.45
896,O'Dare,Kipper,kodareov@hostgator.com,Male,,$8520.03
897,Kamiyama,Lauretta,lkamiyamaow@multiply.com,Female,,$2660.58
898,Benezet,Glynda,gbenezetox@goo.ne.jp,Female,,$3757.48
899,Sanpher,Luz,lsanpheroy@msu.edu,Female,,$7823.14
900,Gyse,Aundrea,agyseoz@hao123.com,Female,,$390.92
901,Redborn,Fabian,fredbornp0@cornell.edu,Male,,$2614.31
902,Spuffard,Guglielma,gspuffardp1@issuu.com,Female,,$4317.36
903,Saintsbury,Nanine,nsaintsburyp2@hatena.ne.jp,Female,$7344.69,
904,Wathell,Rosaline,rwathellp3@csmonitor.com,Female,,$5454.09
905,Beneteau,Alastair,abeneteaup4@odnoklassniki.ru,Male,$293.19,
906,Brannan,Julio,jbrannanp5@nbcnews.com,Male,$9546.46,
907,Beville,Gray,gbevillep6@state.gov,Female,,$7424.83
908,Bangs,Venita,vbangsp7@gravatar.com,Female,,$9319.43
909,Peckett,Kevin,kpeckettp8@gov.uk,Male,,$3439.51
910,Raraty,Pepe,praratyp9@bing.com,Male,,$8473.27
911,Frostdicke,Harris,hfrostdickepa@comcast.net,Male,,$5342.20
912,Spyer,Samson,sspyerpb@seesaa.net,Male,,$5396.89
913,Gauch,Aldus,agauchpc@globo.com,Male,$1972.28,
914,Rennison,Ronnie,rrennisonpd@yandex.ru,Female,$1042.94,
915,Drinkhall,Ricky,rdrinkhallpe@biglobe.ne.jp,Female,$2725.83,
916,Kubis,Vitoria,vkubispf@opera.com,Female,$5562.07,
917,Nickols,Jannel,jnickolspg@usatoday.com,Female,$1075.17,
918,Ettery,Carolyne,cetteryph@sakura.ne.jp,Female,,$2133.05
919,MacKaig,Ginnie,gmackaigpi@bbc.co.uk,Female,,$7172.07
920,Bubb,Alli,abubbpj@whitehouse.gov,Female,,$7275.01
921,Atthow,Cesar,catthowpk@about.com,Male,$1409.58,
922,Laste,Novelia,nlastepl@ehow.com,Female,,$9640.99
923,Matus,Sherm,smatuspm@e-recht24.de,Male,$7482.03,
924,Knock,Zaneta,zknockpn@globo.com,Female,$2772.52,
925,Blasoni,Norry,nblasonipo@clickbank.net,Female,$6522.16,
926,Jacquemard,Cos,cjacquemardpp@goo.gl,Male,$1563.78,
927,Brookhouse,Geneva,gbrookhousepq@statcounter.com,Female,,$9670.27
928,Tolomio,Meredithe,mtolomiopr@fda.gov,Female,$2801.77,
929,Trout,Jobina,jtroutps@usgs.gov,Female,$1714.21,
930,Caldero,Shanon,scalderopt@msu.edu,Female,,$7162.81
931,Kimbrough,Pepe,pkimbroughpu@bloglovin.com,Male,,$6208.27
932,Ibbott,Trixie,tibbottpv@jugem.jp,Female,$101.11,
933,Villar,Ruy,rvillarpw@goodreads.com,Male,,$8994.90
934,Burberye,Ransom,rburberyepx@flavors.me,Male,$8682.25,
935,Haythorn,Emlen,ehaythornpy@indiatimes.com,Male,,$7546.76
936,O'Scollain,Arlin,aoscollainpz@sitemeter.com,Male,,$5878.66
937,Eskriet,Kaine,keskrietq0@spotify.com,Male,,$9601.33
938,Eaton,Hannie,heatonq1@marketwatch.com,Female,,$6639.61
939,Chamberlin,Emilee,echamberlinq2@vinaora.com,Female,$6083.55,
940,Wickenden,Ketty,kwickendenq3@foxnews.com,Female,$1238.39,
941,Fillingham,Heidi,hfillinghamq4@who.int,Female,$9146.41,
942,Gladebeck,Eolanda,egladebeckq5@cmu.edu,Female,,$1500.16
943,Muggleston,Stefano,smugglestonq6@blinklist.com,Male,$6461.93,
944,McDowell,Selina,smcdowellq7@state.tx.us,Female,$3956.41,
945,Eytel,Harriott,heytelq8@army.mil,Female,$9564.51,
946,Dawidsohn,Jyoti,jdawidsohnq9@skype.com,Female,,$7049.45
947,Albion,Wyndham,walbionqa@webs.com,Male,$9950.44,
948,Sloy,Shannon,ssloyqb@ustream.tv,Female,,$6133.74
949,Le Borgne,Esdras,eleborgneqc@mit.edu,Male,,$7073.74
950,Rickman,Washington,wrickmanqd@microsoft.com,Male,$6051.30,
951,MacUchadair,Charleen,cmacuchadairqe@com.com,Female,,$288.09
952,Athersmith,Rori,rathersmithqf@so-net.ne.jp,Female,,$6828.27
953,Brayshaw,Anya,abrayshawqg@amazon.co.uk,Female,$4215.66,
954,Matthensen,Marjy,mmatthensenqh@miibeian.gov.cn,Female,,$6950.27
955,Kemm,Kathrine,kkemmqi@w3.org,Female,$5763.63,
956,Basill,Cello,cbasillqj@noaa.gov,Male,$5355.57,
957,Millin,Mildred,mmillinqk@prlog.org,Female,,$5901.57
958,Dannell,Elisa,edannellql@smh.com.au,Female,$8194.06,
959,Bestar,Tadio,tbestarqm@redcross.org,Male,$1707.47,
960,Bruton,Freddy,fbrutonqn@google.de,Male,,$5888.64
961,Dalgarnocht,Dennison,ddalgarnochtqo@rediff.com,Male,$8799.47,
962,Laxton,West,wlaxtonqp@163.com,Male,,$7159.37
963,Cutress,Spencer,scutressqq@ustream.tv,Male,,$1444.13
964,Litterick,Corina,clitterickqr@upenn.edu,Female,,$6024.63
965,Dunbobbin,Lyssa,ldunbobbinqs@ftc.gov,Female,,$6930.08
966,Lebel,Jeffry,jlebelqt@ox.ac.uk,Male,$8910.80,
967,Kirmond,Howie,hkirmondqu@google.com.au,Male,$3140.86,
968,Fears,Mort,mfearsqv@sitemeter.com,Male,,$3789.11
969,Oby,Sianna,sobyqw@netscape.com,Female,$5827.38,
970,Heigho,Silvester,sheighoqx@ycombinator.com,Male,,$1451.20
971,Trammel,Emmett,etrammelqy@cyberchimps.com,Male,,$3381.39
972,Basson,Tommi,tbassonqz@mysql.com,Female,$6765.51,
973,Farn,Nikita,nfarnr0@craigslist.org,Male,$2049.13,
974,Ciciotti,Eleonore,eciciottir1@hostgator.com,Female,,$9078.31
975,Purver,Raye,rpurverr2@fotki.com,Female,$465.04,
976,Graham,Farah,fgrahamr3@mayoclinic.com,Female,$8416.55,
977,Sheerin,Dulcy,dsheerinr4@creativecommons.org,Female,,$8722.90
978,Le Gall,Jennette,jlegallr5@list-manage.com,Female,,$9735.54
979,Kingzet,Naomi,nkingzetr6@ifeng.com,Female,$8089.19,
980,Marcroft,Hillyer,hmarcroftr7@dyndns.org,Male,$2136.49,
981,Hemstead,Margie,mhemsteadr8@jimdo.com,Female,,$6471.92
982,Minogue,Dredi,dminoguer9@surveymonkey.com,Female,$8236.17,
983,Jilkes,Ludvig,ljilkesra@surveymonkey.com,Male,,$5036.94
984,Devon,Letta,ldevonrb@goo.gl,Female,$3034.72,
985,Warlaw,Leeann,lwarlawrc@mit.edu,Female,,$2294.77
986,Disbury,Rice,rdisburyrd@auda.org.au,Male,$9156.50,
987,Ferrotti,Tad,tferrottire@360.cn,Male,,$2977.42
988,Bulfit,Toby,tbulfitrf@army.mil,Male,$5551.11,
989,Kaas,Winnie,wkaasrg@fastcompany.com,Male,$6287.27,
990,Milberry,Siusan,smilberryrh@skyrock.com,Female,,$7342.34
991,Grinov,Richardo,rgrinovri@marketwatch.com,Male,$8222.58,
992,Hesbrook,Damian,dhesbrookrj@spiegel.de,Male,$6170.35,
993,Dowding,Sarita,sdowdingrk@gov.uk,Female,,$7449.20
994,Fisbburne,Robbie,rfisbburnerl@youtu.be,Female,$148.89,
995,Bottinelli,Megen,mbottinellirm@ed.gov,Female,,$9637.49
996,Barbier,Rafi,rbarbierrn@rediff.com,Male,,$2774.98
997,Macquire,Deeyn,dmacquirero@google.nl,Female,$2713.36,
998,Ashling,Rayner,rashlingrp@usatoday.com,Male,,$1344.96
999,Fenner,Caz,cfennerrq@archive.org,Male,$1833.45,
1000,Dow,Jessa,jdowrr@marketwatch.com,Female,$1081.72,